start,end,gc_content,z_score
1,500,57.6,2.6
101,600,63.2,3.53
201,700,69.0,4.49
301,800,73.8,5.28
401,900,79.0,6.15
501,1000,80.2,6.34
601,1100,78.8,6.11
701,1200,78.2,6.01
801,1300,78.0,5.98
901,1400,77.8,5.95
1001,1500,74.8,5.45
1101,1600,72.4,5.05
1201,1700,67.2,4.19
1301,1800,62.2,3.37
1401,1900,53.0,1.84
1501,2000,45.2,0.55
1601,2100,41.2,-0.11
1701,2200,41.0,-0.14
1801,2300,37.0,-0.81
1901,2400,38.4,-0.57
2001,2500,41.2,-0.11
2101,2600,41.6,-0.04
2201,2700,41.6,-0.04
2301,2800,45.8,0.65
2401,2900,47.0,0.85
2501,3000,46.8,0.82
2601,3100,45.2,0.55
2701,3200,44.8,0.49
2801,3300,42.4,0.09
2901,3400,40.0,-0.31
3001,3500,39.2,-0.44
3101,3600,38.4,-0.57
3201,3700,39.2,-0.44
3301,3800,38.4,-0.57
3401,3900,39.8,-0.34
3501,4000,39.4,-0.41
3601,4100,39.0,-0.47
3701,4200,36.2,-0.94
3801,4300,36.4,-0.9
3901,4400,36.2,-0.94
4001,4500,35.8,-1.0
4101,4600,35.2,-1.1
4201,4700,33.8,-1.33
4301,4800,33.4,-1.4
4401,4900,31.8,-1.67
4501,5000,31.8,-1.67
4601,5100,30.0,-1.96
4701,5200,29.0,-2.13
4801,5300,26.2,-2.59
4901,5400,23.6,-3.02
5001,5500,23.0,-3.12
5101,5600,24.0,-2.96
5201,5700,27.6,-2.36
5301,5800,30.0,-1.96
5401,5900,32.4,-1.57
5501,6000,34.0,-1.3
5601,6100,33.0,-1.47
5701,6200,32.6,-1.53
5801,6300,32.4,-1.57
5901,6400,35.0,-1.14
6001,6500,34.8,-1.17
6101,6600,37.2,-0.77
6201,6700,37.6,-0.71
6301,6800,40.0,-0.31
6401,6900,38.6,-0.54
6501,7000,38.6,-0.54
6601,7100,40.0,-0.31
6701,7200,40.0,-0.31
6801,7300,36.4,-0.9
6901,7400,36.4,-0.9
7001,7500,35.4,-1.07
7101,7600,32.8,-1.5
7201,7700,31.8,-1.67
7301,7800,33.8,-1.33
7401,7900,34.8,-1.17
7501,8000,37.8,-0.67
7601,8100,39.0,-0.47
7701,8200,42.4,0.09
7801,8300,45.0,0.52
7901,8400,43.6,0.29
8001,8500,40.4,-0.24
8101,8600,39.2,-0.44
8201,8700,35.8,-1.0
8301,8800,35.2,-1.1
8401,8900,36.6,-0.87
8501,9000,38.2,-0.61
8601,9100,41.0,-0.14
8701,9200,44.4,0.42
8801,9300,41.4,-0.08
8901,9400,39.2,-0.44
9001,9500,40.2,-0.28
9101,9600,39.0,-0.47
9201,9700,36.2,-0.94
9301,9800,38.6,-0.54
9401,9900,38.0,-0.64
9501,10000,36.4,-0.9
9601,10100,37.8,-0.67
9701,10200,38.8,-0.51
9801,10300,40.6,-0.21
9901,10400,43.8,0.32
10001,10500,46.6,0.78
10101,10600,44.8,0.49
10201,10700,43.6,0.29
10301,10800,40.0,-0.31
10401,10900,37.4,-0.74
10501,11000,34.6,-1.2
10601,11100,32.4,-1.57
10701,11200,31.6,-1.7
10801,11300,33.2,-1.43
10901,11400,36.0,-0.97
11001,11500,38.2,-0.61
11101,11600,42.8,0.15
11201,11700,45.2,0.55
11301,11800,47.2,0.88
11401,11900,49.0,1.18
11501,12000,45.6,0.62
11601,12100,42.8,0.15
11701,12200,41.0,-0.14
11801,12300,37.4,-0.74
11901,12400,35.0,-1.14
12001,12500,35.6,-1.04
12101,12600,36.2,-0.94
12201,12700,36.8,-0.84
12301,12800,38.8,-0.51
12401,12900,37.4,-0.74
12501,13000,39.6,-0.38
12601,13100,42.4,0.09
12701,13200,44.2,0.39
12801,13300,44.6,0.45
12901,13400,44.2,0.39
13001,13500,43.2,0.22
13101,13600,43.4,0.25
13201,13700,43.4,0.25
13301,13800,41.2,-0.11
13401,13900,44.2,0.39
13501,14000,44.2,0.39
13601,14100,42.4,0.09
13701,14200,42.0,0.02
13801,14300,42.4,0.09
13901,14400,38.4,-0.57
14001,14500,40.4,-0.24
14101,14600,40.6,-0.21
14201,14700,38.6,-0.54
14301,14800,36.8,-0.84
14401,14900,39.6,-0.38
14501,15000,37.0,-0.81
14601,15100,36.6,-0.87
14701,15200,36.2,-0.94
14801,15300,38.4,-0.57
14901,15400,39.0,-0.47
15001,15500,38.6,-0.54
15101,15600,38.6,-0.54
15201,15700,41.4,-0.08
15301,15800,44.2,0.39
15401,15900,41.0,-0.14
15501,16000,39.8,-0.34
15601,16100,37.4,-0.74
15701,16200,35.8,-1.0
15801,16300,32.6,-1.53
15901,16400,33.0,-1.47
16001,16500,32.6,-1.53
16101,16600,34.0,-1.3
16201,16700,34.8,-1.17
16301,16800,38.0,-0.64
16401,16900,43.2,0.22
16501,17000,49.6,1.28
16601,17100,52.0,1.68
16701,17200,54.2,2.04
16801,17300,53.0,1.84
16901,17400,50.6,1.45
17001,17500,46.6,0.78
17101,17600,47.4,0.92
17201,17700,46.2,0.72
17301,17800,46.4,0.75
17401,17900,47.2,0.88
17501,18000,47.2,0.88
17601,18100,46.4,0.75
17701,18200,44.4,0.42
17801,18300,40.8,-0.18
17901,18400,37.2,-0.77
18001,18500,37.2,-0.77
18101,18600,35.0,-1.14
18201,18700,37.4,-0.74
18301,18800,41.6,-0.04
18401,18900,45.2,0.55
18501,19000,48.2,1.05
18601,19100,50.8,1.48
18701,19200,51.0,1.51
18801,19300,48.0,1.02
18901,19400,43.8,0.32
19001,19500,40.8,-0.18
19101,19600,37.2,-0.77
19201,19700,34.6,-1.2
19301,19800,35.8,-1.0
19401,19900,38.6,-0.54
19501,20000,37.6,-0.71
19601,20100,39.2,-0.44
19701,20200,40.4,-0.24
19801,20300,39.4,-0.41
19901,20400,39.0,-0.47
20001,20500,40.6,-0.21
20101,20600,41.6,-0.04
20201,20700,43.6,0.29
20301,20800,43.2,0.22
20401,20900,42.6,0.12
20501,21000,41.6,-0.04
20601,21100,40.4,-0.24
20701,21200,37.4,-0.74
20801,21300,38.0,-0.64
20901,21400,37.6,-0.71
21001,21500,40.0,-0.31
21101,21600,41.2,-0.11
21201,21700,43.2,0.22
21301,21800,46.4,0.75
21401,21900,48.4,1.08
21501,22000,47.4,0.92
21601,22100,47.2,0.88
21701,22200,44.0,0.35
21801,22300,39.2,-0.44
21901,22400,36.0,-0.97
22001,22500,35.4,-1.07
22101,22600,32.8,-1.5
22201,22700,32.2,-1.6
22301,22800,34.4,-1.24
22401,22900,34.2,-1.27
22501,23000,32.2,-1.6
22601,23100,34.0,-1.3
22701,23200,37.6,-0.71
22801,23300,36.8,-0.84
22901,23400,38.0,-0.64
23001,23500,38.8,-0.51
23101,23600,36.2,-0.94
23201,23700,32.8,-1.5
23301,23800,33.4,-1.4
23401,23900,35.2,-1.1
23501,24000,34.6,-1.2
23601,24100,36.8,-0.84
23701,24200,37.8,-0.67
23801,24300,38.0,-0.64
23901,24400,36.4,-0.9
24001,24500,36.6,-0.87
24101,24600,36.2,-0.94
24201,24700,36.6,-0.87
24301,24800,36.2,-0.94
24401,24900,35.8,-1.0
24501,25000,34.8,-1.17
24601,25100,34.2,-1.27
24701,25200,33.4,-1.4
24801,25300,31.6,-1.7
24901,25400,30.4,-1.9
25001,25500,30.4,-1.9
25101,25600,31.0,-1.8
25201,25700,33.0,-1.47
25301,25800,33.2,-1.43
25401,25900,34.4,-1.24
25501,26000,36.4,-0.9
25601,26100,35.4,-1.07
25701,26200,35.8,-1.0
25801,26300,38.2,-0.61
25901,26400,40.2,-0.28
26001,26500,36.0,-0.97
26101,26600,36.8,-0.84
26201,26700,35.8,-1.0
26301,26800,35.8,-1.0
26401,26900,38.8,-0.51
26501,27000,43.6,0.29
26601,27100,44.4,0.42
26701,27200,45.2,0.55
26801,27300,45.2,0.55
26901,27400,40.8,-0.18
27001,27500,44.0,0.35
27101,27600,47.4,0.92
27201,27700,48.2,1.05
27301,27800,49.0,1.18
27401,27900,51.8,1.64
27501,28000,51.0,1.51
27601,28100,49.0,1.18
27701,28200,50.2,1.38
27801,28300,47.8,0.98
27901,28400,46.8,0.82
28001,28500,42.2,0.06
28101,28600,40.0,-0.31
28201,28700,34.6,-1.2
28301,28800,34.0,-1.3
28401,28900,32.0,-1.63
28501,29000,36.6,-0.87
28601,29100,39.0,-0.47
28701,29200,44.4,0.42
28801,29300,46.2,0.72
28901,29400,45.8,0.65
29001,29500,42.4,0.09
29101,29600,39.4,-0.41
29201,29700,37.2,-0.77
29301,29800,36.0,-0.97
29401,29900,38.0,-0.64
29501,30000,37.6,-0.71
29601,30100,38.0,-0.64
29701,30200,37.8,-0.67
29801,30300,39.2,-0.44
29901,30400,37.6,-0.71
30001,30500,38.8,-0.51
30101,30600,40.6,-0.21
30201,30700,38.2,-0.61
30301,30800,37.8,-0.67
30401,30900,37.6,-0.71
30501,31000,32.6,-1.53
30601,31100,30.2,-1.93
30701,31200,29.6,-2.03
30801,31300,33.2,-1.43
30901,31400,35.8,-1.0
31001,31500,42.6,0.12
31101,31600,44.2,0.39
31201,31700,47.8,0.98
31301,31800,45.0,0.52
31401,31900,44.4,0.42
31501,32000,42.6,0.12
31601,32100,42.8,0.15
31701,32200,42.8,0.15
31801,32300,41.0,-0.14
31901,32400,40.4,-0.24
32001,32500,42.0,0.02
32101,32600,42.6,0.12
32201,32700,43.4,0.25
32301,32800,45.0,0.52
32401,32900,43.8,0.32
32501,33000,44.4,0.42
32601,33100,46.4,0.75
32701,33200,48.2,1.05
32801,33300,48.8,1.15
32901,33400,52.6,1.78
33001,33500,51.8,1.64
33101,33600,50.0,1.35
33201,33700,44.6,0.45
33301,33800,39.8,-0.34
33401,33900,33.8,-1.33
33501,34000,28.6,-2.2
33601,34100,26.6,-2.53
33701,34200,25.0,-2.79
33801,34300,25.2,-2.76
33901,34400,27.2,-2.43
34001,34500,30.2,-1.93
34101,34600,30.4,-1.9
34201,34700,36.6,-0.87
34301,34800,41.8,-0.01
34401,34900,45.8,0.65
34501,35000,45.0,0.52
34601,35100,45.0,0.52
34701,35200,45.8,0.65
34801,35300,46.2,0.72
34901,35400,46.8,0.82
35001,35500,48.6,1.11
35101,35600,50.6,1.45
35201,35700,45.6,0.62
35301,35800,43.8,0.32
35401,35900,39.2,-0.44
35501,36000,37.2,-0.77
35601,36100,36.0,-0.97
35701,36200,36.8,-0.84
35801,36300,36.8,-0.84
35901,36400,35.6,-1.04
36001,36500,37.0,-0.81
36101,36600,40.2,-0.28
36201,36700,38.6,-0.54
36301,36800,36.8,-0.84
36401,36900,39.4,-0.41
36501,37000,41.4,-0.08
36601,37100,39.2,-0.44
36701,37200,40.8,-0.18
36801,37300,42.4,0.09
36901,37400,43.8,0.32
37001,37500,40.8,-0.18
37101,37600,38.0,-0.64
37201,37700,37.4,-0.74
37301,37800,33.8,-1.33
37401,37900,31.6,-1.7
37501,38000,31.4,-1.73
37601,38100,31.4,-1.73
37701,38200,30.0,-1.96
37801,38300,31.8,-1.67
37901,38400,30.4,-1.9
38001,38500,31.0,-1.8
38101,38600,32.2,-1.6
38201,38700,35.0,-1.14
38301,38800,34.4,-1.24
38401,38900,34.8,-1.17
38501,39000,35.4,-1.07
38601,39100,34.6,-1.2
38701,39200,33.4,-1.4
38801,39300,38.6,-0.54
38901,39400,39.6,-0.38
39001,39500,42.2,0.06
39101,39600,45.0,0.52
39201,39700,44.4,0.42
39301,39800,39.4,-0.41
39401,39900,40.8,-0.18
39501,40000,39.8,-0.34
39601,40100,42.2,0.06
39701,40200,43.0,0.19
39801,40300,45.6,0.62
39901,40400,43.4,0.25
40001,40500,43.6,0.29
40101,40600,40.8,-0.18
40201,40700,41.6,-0.04
40301,40800,41.2,-0.11
40401,40900,41.0,-0.14
40501,41000,37.2,-0.77
40601,41100,37.6,-0.71
40701,41200,38.2,-0.61
40801,41300,40.2,-0.28
40901,41400,43.4,0.25
41001,41500,46.2,0.72
41101,41600,47.8,0.98
41201,41700,50.4,1.41
41301,41800,50.0,1.35
41401,41900,49.2,1.21
41501,42000,49.0,1.18
41601,42100,44.0,0.35
41701,42200,38.8,-0.51
41801,42300,35.4,-1.07
41901,42400,33.2,-1.43
42001,42500,34.2,-1.27
42101,42600,34.8,-1.17
42201,42700,36.6,-0.87
42301,42800,38.8,-0.51
42401,42900,38.8,-0.51
42501,43000,38.0,-0.64
42601,43100,40.0,-0.31
42701,43200,40.6,-0.21
42801,43300,39.2,-0.44
42901,43400,39.8,-0.34
43001,43500,38.4,-0.57
43101,43600,38.8,-0.51
43201,43700,41.8,-0.01
43301,43800,45.0,0.52
43401,43900,46.2,0.72
43501,44000,48.4,1.08
43601,44100,50.0,1.35
43701,44200,48.8,1.15
43801,44300,48.8,1.15
43901,44400,48.2,1.05
44001,44500,46.8,0.82
44101,44600,44.8,0.49
44201,44700,43.2,0.22
44301,44800,40.2,-0.28
44401,44900,40.6,-0.21
44501,45000,42.8,0.15
44601,45100,42.0,0.02
44701,45200,40.8,-0.18
44801,45300,43.6,0.29
44901,45400,42.6,0.12
45001,45500,42.4,0.09
45101,45600,44.8,0.49
45201,45700,45.2,0.55
45301,45800,42.8,0.15
45401,45900,42.6,0.12
45501,46000,39.2,-0.44
45601,46100,37.0,-0.81
45701,46200,35.2,-1.1
45801,46300,35.4,-1.07
45901,46400,37.2,-0.77
46001,46500,40.6,-0.21
46101,46600,41.6,-0.04
46201,46700,42.4,0.09
46301,46800,42.0,0.02
46401,46900,37.0,-0.81
46501,47000,32.4,-1.57
46601,47100,32.4,-1.57
46701,47200,36.8,-0.84
46801,47300,38.4,-0.57
46901,47400,44.8,0.49
47001,47500,49.2,1.21
47101,47600,51.0,1.51
47201,47700,48.6,1.11
47301,47800,49.2,1.21
47401,47900,47.6,0.95
47501,48000,45.6,0.62
47601,48100,44.4,0.42
47701,48200,42.4,0.09
47801,48300,41.2,-0.11
47901,48400,41.0,-0.14
48001,48500,40.8,-0.18
48101,48600,40.0,-0.31
48201,48700,41.8,-0.01
48301,48800,42.0,0.02
48401,48900,40.8,-0.18
48501,49000,41.8,-0.01
48601,49100,43.2,0.22
48701,49200,41.6,-0.04
48801,49300,39.4,-0.41
48901,49400,41.2,-0.11
49001,49500,40.4,-0.24
49101,49600,38.2,-0.61
49201,49700,40.2,-0.28
49301,49800,45.2,0.55
49401,49900,41.8,-0.01
49501,50000,38.8,-0.51
49601,50100,35.6,-1.04
49701,50200,33.6,-1.37
49801,50300,27.6,-2.36
49901,50400,28.4,-2.23
50001,50500,35.2,-1.1
50101,50600,40.0,-0.31
50201,50700,42.6,0.12
50301,50800,48.6,1.11
50401,50900,49.6,1.28
50501,51000,44.8,0.49
50601,51100,42.8,0.15
50701,51200,40.0,-0.31
50801,51300,32.8,-1.5
50901,51400,31.8,-1.67
51001,51500,31.8,-1.67
51101,51600,30.8,-1.83
51201,51700,29.2,-2.1
51301,51800,30.2,-1.93
51401,51900,29.6,-2.03
51501,52000,28.4,-2.23
51601,52100,28.2,-2.26
51701,52200,27.6,-2.36
51801,52300,27.4,-2.39
51901,52400,28.0,-2.29
52001,52500,30.4,-1.9
52101,52600,34.0,-1.3
52201,52700,40.4,-0.24
52301,52800,43.0,0.19
52401,52900,43.2,0.22
52501,53000,42.8,0.15
52601,53100,39.4,-0.41
52701,53200,33.2,-1.43
52801,53300,32.8,-1.5
52901,53400,30.8,-1.83
53001,53500,30.6,-1.86
53101,53600,30.2,-1.93
53201,53700,29.0,-2.13
53301,53800,31.2,-1.77
53401,53900,36.0,-0.97
53501,54000,37.0,-0.81
53601,54100,40.6,-0.21
53701,54200,44.4,0.42
53801,54300,40.6,-0.21
53901,54400,40.8,-0.18
54001,54500,38.4,-0.57
54101,54600,36.4,-0.9
54201,54700,37.6,-0.71
54301,54800,41.6,-0.04
54401,54900,41.4,-0.08
54501,55000,46.2,0.72
54601,55100,47.0,0.85
54701,55200,47.4,0.92
54801,55300,47.4,0.92
54901,55400,46.0,0.68
55001,55500,46.6,0.78
55101,55600,46.2,0.72
55201,55700,46.6,0.78
55301,55800,48.2,1.05
55401,55900,47.6,0.95
55501,56000,46.4,0.75
55601,56100,47.8,0.98
55701,56200,46.6,0.78
55801,56300,44.4,0.42
55901,56400,47.0,0.85
56001,56500,48.4,1.08
56101,56600,50.2,1.38
56201,56700,50.6,1.45
56301,56800,53.0,1.84
56401,56900,50.8,1.48
56501,57000,46.8,0.82
56601,57100,44.6,0.45
56701,57200,45.4,0.58
56801,57300,41.2,-0.11
56901,57400,40.8,-0.18
57001,57500,42.6,0.12
57101,57600,45.0,0.52
57201,57700,46.4,0.75
57301,57800,46.8,0.82
57401,57900,46.0,0.68
57501,58000,41.4,-0.08
57601,58100,37.4,-0.74
57701,58200,38.0,-0.64
57801,58300,39.0,-0.47
57901,58400,40.0,-0.31
58001,58500,43.4,0.25
58101,58600,44.0,0.35
58201,58700,40.6,-0.21
58301,58800,39.6,-0.38
58401,58900,38.6,-0.54
58501,59000,38.6,-0.54
58601,59100,38.8,-0.51
58701,59200,37.8,-0.67
58801,59300,37.8,-0.67
58901,59400,38.8,-0.51
59001,59500,38.6,-0.54
59101,59600,38.6,-0.54
59201,59700,39.4,-0.41
59301,59800,39.0,-0.47
59401,59900,39.2,-0.44
59501,60000,39.8,-0.34
59601,60100,40.8,-0.18
59701,60200,44.0,0.35
59801,60300,43.0,0.19
59901,60400,42.4,0.09
60001,60500,42.6,0.12
60101,60600,40.4,-0.24
60201,60700,38.8,-0.51
60301,60800,44.2,0.39
60401,60900,47.4,0.92
60501,61000,48.6,1.11
60601,61100,52.4,1.74
60701,61200,52.2,1.71
60801,61300,51.4,1.58
60901,61400,48.2,1.05
61001,61500,44.6,0.45
61101,61600,40.2,-0.28
61201,61700,38.2,-0.61
61301,61800,35.2,-1.1
61401,61900,37.2,-0.77
61501,62000,39.4,-0.41
61601,62100,40.8,-0.18
61701,62200,40.2,-0.28
61801,62300,39.6,-0.38
61901,62400,39.0,-0.47
62001,62500,36.4,-0.9
62101,62600,33.8,-1.33
62201,62700,34.4,-1.24
62301,62800,34.4,-1.24
62401,62900,30.2,-1.93
62501,63000,31.8,-1.67
62601,63100,33.4,-1.4
62701,63200,34.4,-1.24
62801,63300,34.2,-1.27
62901,63400,39.0,-0.47
63001,63500,41.8,-0.01
63101,63600,45.6,0.62
63201,63700,45.0,0.52
63301,63800,45.2,0.55
63401,63900,45.6,0.62
63501,64000,42.8,0.15
63601,64100,39.8,-0.34
63701,64200,38.2,-0.61
63801,64300,36.0,-0.97
63901,64400,34.8,-1.17
64001,64500,37.4,-0.74
64101,64600,37.2,-0.77
64201,64700,39.2,-0.44
64301,64800,41.6,-0.04
64401,64900,38.0,-0.64
64501,65000,33.6,-1.37
64601,65100,32.6,-1.53
64701,65200,33.2,-1.43
64801,65300,32.0,-1.63
64901,65400,36.6,-0.87
65001,65500,35.0,-1.14
65101,65600,40.4,-0.24
65201,65700,39.6,-0.38
65301,65800,39.6,-0.38
65401,65900,38.4,-0.57
65501,66000,45.8,0.65
65601,66100,42.8,0.15
65701,66200,42.2,0.06
65801,66300,42.6,0.12
65901,66400,45.4,0.58
66001,66500,41.8,-0.01
66101,66600,42.8,0.15
66201,66700,43.8,0.32
66301,66800,46.0,0.68
66401,66900,41.4,-0.08
66501,67000,40.4,-0.24
66601,67100,41.0,-0.14
66701,67200,43.6,0.29
66801,67300,40.4,-0.24
66901,67400,38.6,-0.54
67001,67500,38.6,-0.54
67101,67600,36.2,-0.94
67201,67700,33.6,-1.37
67301,67800,35.4,-1.07
67401,67900,39.6,-0.38
67501,68000,41.2,-0.11
67601,68100,40.4,-0.24
67701,68200,42.2,0.06
67801,68300,42.0,0.02
67901,68400,42.0,0.02
68001,68500,43.6,0.29
68101,68600,45.8,0.65
68201,68700,43.6,0.29
68301,68800,44.2,0.39
68401,68900,41.0,-0.14
68501,69000,36.4,-0.9
68601,69100,33.0,-1.47
68701,69200,30.8,-1.83
68801,69300,34.2,-1.27
68901,69400,39.4,-0.41
69001,69500,45.2,0.55
69101,69600,48.8,1.15
69201,69700,53.2,1.88
69301,69800,49.2,1.21
69401,69900,45.8,0.65
69501,70000,41.0,-0.14
69601,70100,36.6,-0.87
69701,70200,34.0,-1.3
69801,70300,35.4,-1.07
69901,70400,36.0,-0.97
70001,70500,37.2,-0.77
70101,70600,40.4,-0.24
70201,70700,43.6,0.29
70301,70800,44.2,0.39
70401,70900,42.2,0.06
70501,71000,42.6,0.12
70601,71100,42.4,0.09
70701,71200,41.2,-0.11
70801,71300,41.4,-0.08
70901,71400,42.8,0.15
71001,71500,42.8,0.15
71101,71600,41.6,-0.04
71201,71700,37.4,-0.74
71301,71800,32.6,-1.53
71401,71900,33.4,-1.4
71501,72000,31.4,-1.73
71601,72100,36.0,-0.97
71701,72200,36.8,-0.84
71801,72300,41.6,-0.04
71901,72400,41.0,-0.14
72001,72500,42.0,0.02
72101,72600,38.2,-0.61
72201,72700,38.6,-0.54
72301,72800,37.4,-0.74
72401,72900,37.4,-0.74
72501,73000,38.4,-0.57
72601,73100,39.4,-0.41
72701,73200,40.4,-0.24
72801,73300,38.4,-0.57
72901,73400,36.8,-0.84
73001,73500,39.0,-0.47
73101,73600,37.4,-0.74
73201,73700,36.8,-0.84
73301,73800,38.6,-0.54
73401,73900,39.4,-0.41
73501,74000,35.8,-1.0
73601,74100,35.2,-1.1
73701,74200,36.0,-0.97
73801,74300,34.6,-1.2
73901,74400,35.6,-1.04
74001,74500,36.6,-0.87
74101,74600,36.0,-0.97
74201,74700,34.6,-1.2
74301,74800,34.0,-1.3
74401,74900,32.4,-1.57
74501,75000,32.6,-1.53
74601,75100,34.6,-1.2
74701,75200,34.6,-1.2
74801,75300,34.4,-1.24
74901,75400,34.6,-1.2
75001,75500,31.2,-1.77
75101,75600,28.8,-2.16
75201,75700,27.4,-2.39
75301,75800,27.8,-2.33
75401,75900,27.4,-2.39
75501,76000,31.4,-1.73
75601,76100,35.6,-1.04
75701,76200,39.8,-0.34
75801,76300,40.0,-0.31
75901,76400,42.0,0.02
76001,76500,41.0,-0.14
76101,76600,38.0,-0.64
76201,76700,33.6,-1.37
76301,76800,33.6,-1.37
76401,76900,35.2,-1.1
76501,77000,38.2,-0.61
76601,77100,40.4,-0.24
76701,77200,44.2,0.39
76801,77300,45.2,0.55
76901,77400,44.4,0.42
77001,77500,43.8,0.32
77101,77600,46.4,0.75
77201,77700,47.8,0.98
77301,77800,48.8,1.15
77401,77900,48.2,1.05
77501,78000,46.4,0.75
77601,78100,43.4,0.25
77701,78200,43.0,0.19
77801,78300,42.4,0.09
77901,78400,40.4,-0.24
78001,78500,42.4,0.09
78101,78600,39.4,-0.41
78201,78700,37.2,-0.77
78301,78800,37.2,-0.77
78401,78900,37.8,-0.67
78501,79000,37.8,-0.67
78601,79100,41.6,-0.04
78701,79200,45.6,0.62
78801,79300,47.4,0.92
78901,79400,49.2,1.21
79001,79500,49.4,1.25
79101,79600,46.6,0.78
79201,79700,43.6,0.29
79301,79800,40.8,-0.18
79401,79900,41.2,-0.11
79501,80000,39.6,-0.38
79601,80100,41.8,-0.01
79701,80200,44.2,0.39
79801,80300,46.4,0.75
79901,80400,45.8,0.65
80001,80500,45.0,0.52
80101,80600,42.8,0.15
80201,80700,39.4,-0.41
80301,80800,37.4,-0.74
80401,80900,38.4,-0.57
80501,81000,41.0,-0.14
80601,81100,41.0,-0.14
80701,81200,43.4,0.25
80801,81300,46.4,0.75
80901,81400,43.0,0.19
81001,81500,38.4,-0.57
81101,81600,36.6,-0.87
81201,81700,32.6,-1.53
81301,81800,29.0,-2.13
81401,81900,30.4,-1.9
81501,82000,31.6,-1.7
81601,82100,36.8,-0.84
81701,82200,40.8,-0.18
81801,82300,44.6,0.45
81901,82400,46.0,0.68
82001,82500,48.8,1.15
82101,82600,48.4,1.08
82201,82700,50.6,1.45
82301,82800,47.4,0.92
82401,82900,43.2,0.22
82501,83000,42.0,0.02
82601,83100,37.4,-0.74
82701,83200,31.0,-1.8
82801,83300,29.6,-2.03
82901,83400,31.8,-1.67
83001,83500,30.6,-1.86
83101,83600,31.2,-1.77
83201,83700,31.4,-1.73
83301,83800,32.6,-1.53
83401,83900,33.6,-1.37
83501,84000,34.2,-1.27
83601,84100,34.6,-1.2
83701,84200,38.2,-0.61
83801,84300,41.8,-0.01
83901,84400,42.6,0.12
84001,84500,40.6,-0.21
84101,84600,42.2,0.06
84201,84700,40.6,-0.21
84301,84800,36.0,-0.97
84401,84900,35.6,-1.04
84501,85000,37.4,-0.74
84601,85100,36.0,-0.97
84701,85200,35.4,-1.07
84801,85300,35.2,-1.1
84901,85400,35.2,-1.1
85001,85500,35.0,-1.14
85101,85600,36.0,-0.97
85201,85700,40.6,-0.21
85301,85800,42.8,0.15
85401,85900,45.4,0.58
85501,86000,46.8,0.82
85601,86100,47.2,0.88
85701,86200,42.8,0.15
85801,86300,43.4,0.25
85901,86400,42.0,0.02
86001,86500,40.8,-0.18
86101,86600,40.4,-0.24
86201,86700,42.0,0.02
86301,86800,40.2,-0.28
86401,86900,41.4,-0.08
86501,87000,43.0,0.19
86601,87100,47.6,0.95
86701,87200,45.4,0.58
86801,87300,48.4,1.08
86901,87400,45.0,0.52
87001,87500,44.2,0.39
87101,87600,41.4,-0.08
87201,87700,45.8,0.65
87301,87800,47.4,0.92
87401,87900,47.0,0.85
87501,88000,47.4,0.92
87601,88100,48.2,1.05
87701,88200,46.2,0.72
87801,88300,42.6,0.12
87901,88400,44.4,0.42
88001,88500,44.4,0.42
88101,88600,44.8,0.49
88201,88700,47.4,0.92
88301,88800,49.8,1.31
88401,88900,49.8,1.31
88501,89000,49.6,1.28
88601,89100,47.8,0.98
88701,89200,41.2,-0.11
88801,89300,39.6,-0.38
88901,89400,40.0,-0.31
89001,89500,39.4,-0.41
89101,89600,35.6,-1.04
89201,89700,36.2,-0.94
89301,89800,34.4,-1.24
89401,89900,32.6,-1.53
89501,90000,30.4,-1.9
89601,90100,34.6,-1.2
89701,90200,35.6,-1.04
89801,90300,36.2,-0.94
89901,90400,35.0,-1.14
90001,90500,35.0,-1.14
90101,90600,32.6,-1.53
90201,90700,31.2,-1.77
90301,90800,31.6,-1.7
90401,90900,31.8,-1.67
90501,91000,34.0,-1.3
90601,91100,35.6,-1.04
90701,91200,40.2,-0.28
90801,91300,42.6,0.12
90901,91400,46.0,0.68
91001,91500,49.4,1.25
91101,91600,51.2,1.54
91201,91700,48.8,1.15
91301,91800,44.8,0.49
91401,91900,42.6,0.12
91501,92000,38.4,-0.57
91601,92100,37.8,-0.67
91701,92200,38.0,-0.64
91801,92300,39.6,-0.38
91901,92400,40.4,-0.24
92001,92500,39.6,-0.38
92101,92600,39.6,-0.38
92201,92700,36.4,-0.9
92301,92800,37.2,-0.77
92401,92900,36.0,-0.97
92501,93000,37.4,-0.74
92601,93100,36.8,-0.84
92701,93200,42.0,0.02
92801,93300,39.2,-0.44
92901,93400,39.4,-0.41
93001,93500,40.4,-0.24
93101,93600,41.0,-0.14
93201,93700,39.6,-0.38
93301,93800,42.8,0.15
93401,93900,43.4,0.25
93501,94000,42.6,0.12
93601,94100,42.8,0.15
93701,94200,42.4,0.09
93801,94300,43.2,0.22
93901,94400,43.0,0.19
94001,94500,40.8,-0.18
94101,94600,36.4,-0.9
94201,94700,36.8,-0.84
94301,94800,36.6,-0.87
94401,94900,40.0,-0.31
94501,95000,41.0,-0.14
94601,95100,43.2,0.22
94701,95200,41.4,-0.08
94801,95300,40.2,-0.28
94901,95400,36.8,-0.84
95001,95500,35.6,-1.04
95101,95600,35.6,-1.04
95201,95700,36.2,-0.94
95301,95800,36.8,-0.84
95401,95900,38.4,-0.57
95501,96000,41.0,-0.14
95601,96100,40.8,-0.18
95701,96200,39.6,-0.38
95801,96300,37.0,-0.81
95901,96400,35.2,-1.1
96001,96500,32.8,-1.5
96101,96600,30.0,-1.96
96201,96700,29.8,-2.0
96301,96800,33.2,-1.43
96401,96900,32.6,-1.53
96501,97000,33.2,-1.43
96601,97100,36.8,-0.84
96701,97200,37.0,-0.81
96801,97300,33.2,-1.43
96901,97400,34.6,-1.2
97001,97500,34.8,-1.17
97101,97600,33.6,-1.37
97201,97700,38.0,-0.64
97301,97800,40.4,-0.24
97401,97900,40.0,-0.31
97501,98000,41.8,-0.01
97601,98100,39.6,-0.38
97701,98200,36.2,-0.94
97801,98300,39.6,-0.38
97901,98400,42.8,0.15
98001,98500,42.6,0.12
98101,98600,44.8,0.49
98201,98700,45.2,0.55
98301,98800,40.6,-0.21
98401,98900,41.2,-0.11
98501,99000,42.2,0.06
98601,99100,46.6,0.78
98701,99200,45.2,0.55
98801,99300,47.0,0.85
98901,99400,43.8,0.32
99001,99500,40.8,-0.18
99101,99600,38.4,-0.57
99201,99700,43.2,0.22
99301,99800,45.4,0.58
99401,99900,45.4,0.58
99501,100000,47.4,0.92
99601,100100,45.6,0.62
99701,100200,38.8,-0.51
99801,100300,34.2,-1.27
99901,100400,36.0,-0.97
100001,100500,37.4,-0.74
100101,100600,41.2,-0.11
100201,100700,42.4,0.09
100301,100800,41.0,-0.14
100401,100900,34.4,-1.24
100501,101000,31.2,-1.77
100601,101100,28.2,-2.26
100701,101200,31.6,-1.7
100801,101300,33.0,-1.47
100901,101400,35.8,-1.0
101001,101500,36.0,-0.97
101101,101600,35.6,-1.04
101201,101700,33.4,-1.4
101301,101800,33.4,-1.4
101401,101900,35.2,-1.1
101501,102000,35.2,-1.1
101601,102100,35.2,-1.1
101701,102200,36.0,-0.97
101801,102300,37.6,-0.71
101901,102400,36.4,-0.9
102001,102500,36.8,-0.84
102101,102600,38.2,-0.61
102201,102700,39.8,-0.34
102301,102800,40.4,-0.24
102401,102900,42.2,0.06
102501,103000,42.6,0.12
102601,103100,40.8,-0.18
102701,103200,38.8,-0.51
102801,103300,36.8,-0.84
102901,103400,36.6,-0.87
103001,103500,36.8,-0.84
103101,103600,37.4,-0.74
103201,103700,39.4,-0.41
103301,103800,40.4,-0.24
103401,103900,39.0,-0.47
103501,104000,37.4,-0.74
103601,104100,37.2,-0.77
103701,104200,37.6,-0.71
103801,104300,41.0,-0.14
103901,104400,44.8,0.49
104001,104500,46.8,0.82
104101,104600,47.8,0.98
104201,104700,48.4,1.08
104301,104800,46.0,0.68
104401,104900,42.0,0.02
104501,105000,41.2,-0.11
104601,105100,42.2,0.06
104701,105200,39.6,-0.38
104801,105300,42.6,0.12
104901,105400,43.6,0.29
105001,105500,47.6,0.95
105101,105600,48.4,1.08
105201,105700,50.4,1.41
105301,105800,43.4,0.25
105401,105900,44.6,0.45
105501,106000,41.6,-0.04
105601,106100,42.0,0.02
105701,106200,43.2,0.22
105801,106300,46.4,0.75
105901,106400,46.0,0.68
106001,106500,46.0,0.68
106101,106600,42.0,0.02
106201,106700,40.0,-0.31
106301,106800,41.2,-0.11
106401,106900,41.2,-0.11
106501,107000,41.8,-0.01
106601,107100,45.0,0.52
106701,107200,47.4,0.92
106801,107300,46.8,0.82
106901,107400,48.0,1.02
107001,107500,46.8,0.82
107101,107600,46.6,0.78
107201,107700,44.6,0.45
107301,107800,43.6,0.29
107401,107900,44.2,0.39
107501,108000,45.8,0.65
107601,108100,46.6,0.78
107701,108200,48.0,1.02
107801,108300,52.6,1.78
107901,108400,50.6,1.45
108001,108500,48.0,1.02
108101,108600,46.8,0.82
108201,108700,44.4,0.42
108301,108800,42.2,0.06
108401,108900,42.2,0.06
108501,109000,42.2,0.06
108601,109100,40.6,-0.21
108701,109200,41.6,-0.04
108801,109300,41.2,-0.11
108901,109400,40.6,-0.21
109001,109500,41.6,-0.04
109101,109600,43.0,0.19
109201,109700,43.0,0.19
109301,109800,41.4,-0.08
109401,109900,43.4,0.25
109501,110000,45.4,0.58
109601,110100,46.6,0.78
109701,110200,49.0,1.18
109801,110300,51.2,1.54
109901,110400,48.2,1.05
110001,110500,43.8,0.32
110101,110600,42.2,0.06
110201,110700,40.0,-0.31
110301,110800,39.2,-0.44
110401,110900,39.8,-0.34
110501,111000,40.6,-0.21
110601,111100,37.8,-0.67
110701,111200,37.2,-0.77
110801,111300,35.4,-1.07
110901,111400,36.8,-0.84
111001,111500,40.6,-0.21
111101,111600,41.0,-0.14
111201,111700,38.4,-0.57
111301,111800,35.6,-1.04
111401,111900,32.6,-1.53
111501,112000,29.0,-2.13
111601,112100,29.6,-2.03
111701,112200,29.8,-2.0
111801,112300,31.0,-1.8
111901,112400,30.8,-1.83
112001,112500,29.6,-2.03
112101,112600,28.0,-2.29
112201,112700,29.4,-2.06
112301,112800,30.0,-1.96
112401,112900,31.2,-1.77
112501,113000,34.8,-1.17
112601,113100,38.2,-0.61
112701,113200,39.8,-0.34
112801,113300,42.2,0.06
112901,113400,41.6,-0.04
113001,113500,44.2,0.39
113101,113600,45.6,0.62
113201,113700,46.6,0.78
113301,113800,43.4,0.25
113401,113900,42.8,0.15
113501,114000,38.4,-0.57
113601,114100,36.8,-0.84
113701,114200,35.4,-1.07
113801,114300,39.8,-0.34
113901,114400,45.6,0.62
114001,114500,46.0,0.68
114101,114600,44.0,0.35
114201,114700,44.8,0.49
114301,114800,44.8,0.49
114401,114900,44.4,0.42
114501,115000,45.6,0.62
114601,115100,47.0,0.85
114701,115200,45.4,0.58
114801,115300,44.8,0.49
114901,115400,43.6,0.29
115001,115500,44.6,0.45
115101,115600,47.0,0.85
115201,115700,45.4,0.58
115301,115800,42.8,0.15
115401,115900,41.6,-0.04
115501,116000,41.0,-0.14
115601,116100,38.8,-0.51
115701,116200,43.4,0.25
115801,116300,45.6,0.62
115901,116400,45.0,0.52
116001,116500,43.4,0.25
116101,116600,42.4,0.09
116201,116700,41.6,-0.04
116301,116800,44.4,0.42
116401,116900,42.2,0.06
116501,117000,42.2,0.06
116601,117100,47.8,0.98
116701,117200,48.8,1.15
116801,117300,45.2,0.55
116901,117400,48.0,1.02
117001,117500,46.6,0.78
117101,117600,39.4,-0.41
117201,117700,34.2,-1.27
117301,117800,34.8,-1.17
117401,117900,35.0,-1.14
117501,118000,38.4,-0.57
117601,118100,43.8,0.32
117701,118200,46.4,0.75
117801,118300,48.4,1.08
117901,118400,48.8,1.15
118001,118500,50.0,1.35
118101,118600,46.0,0.68
118201,118700,42.4,0.09
118301,118800,40.8,-0.18
118401,118900,38.4,-0.57
118501,119000,34.2,-1.27
118601,119100,36.0,-0.97
118701,119200,43.2,0.22
118801,119300,43.0,0.19
118901,119400,46.8,0.82
119001,119500,48.6,1.11
119101,119600,49.2,1.21
119201,119700,44.6,0.45
119301,119800,42.6,0.12
119401,119900,38.6,-0.54
119501,120000,38.4,-0.57
119601,120100,37.2,-0.77
119701,120200,38.2,-0.61
119801,120300,38.4,-0.57
119901,120400,40.2,-0.28
120001,120500,40.4,-0.24
120101,120600,40.6,-0.21
120201,120700,39.6,-0.38
120301,120800,38.8,-0.51
120401,120900,42.0,0.02
120501,121000,43.0,0.19
120601,121100,46.6,0.78
120701,121200,48.0,1.02
120801,121300,48.0,1.02
120901,121400,45.6,0.62
121001,121500,43.2,0.22
121101,121600,41.2,-0.11
121201,121700,38.4,-0.57
121301,121800,40.0,-0.31
121401,121900,42.4,0.09
121501,122000,45.6,0.62
121601,122100,47.2,0.88
121701,122200,51.2,1.54
121801,122300,53.8,1.97
121901,122400,51.0,1.51
122001,122500,49.8,1.31
122101,122600,47.8,0.98
122201,122700,46.4,0.75
122301,122800,42.0,0.02
122401,122900,40.8,-0.18
122501,123000,40.6,-0.21
122601,123100,41.0,-0.14
122701,123200,41.4,-0.08
122801,123300,46.0,0.68
122901,123400,47.0,0.85
123001,123500,43.8,0.32
123101,123600,41.2,-0.11
123201,123700,41.2,-0.11
123301,123800,36.4,-0.9
123401,123900,34.4,-1.24
123501,124000,33.6,-1.37
123601,124100,34.6,-1.2
123701,124200,36.8,-0.84
123801,124300,38.6,-0.54
123901,124400,39.2,-0.44
124001,124500,43.0,0.19
124101,124600,43.8,0.32
124201,124700,39.6,-0.38
124301,124800,38.8,-0.51
124401,124900,38.4,-0.57
124501,125000,40.8,-0.18
124601,125100,43.4,0.25
124701,125200,45.4,0.58
124801,125300,47.6,0.95
124901,125400,50.2,1.38
125001,125500,50.4,1.41
125101,125600,50.6,1.45
125201,125700,53.4,1.91
125301,125800,51.4,1.58
125401,125900,51.0,1.51
125501,126000,49.2,1.21
125601,126100,46.8,0.82
125701,126200,40.2,-0.28
125801,126300,42.6,0.12
125901,126400,43.2,0.22
126001,126500,45.0,0.52
126101,126600,42.6,0.12
126201,126700,45.6,0.62
126301,126800,42.4,0.09
126401,126900,41.6,-0.04
126501,127000,36.4,-0.9
126601,127100,34.8,-1.17
126701,127200,34.4,-1.24
126801,127300,35.6,-1.04
126901,127400,33.4,-1.4
127001,127500,34.6,-1.2
127101,127600,37.6,-0.71
127201,127700,38.8,-0.51
127301,127800,39.8,-0.34
127401,127900,44.8,0.49
127501,128000,47.0,0.85
127601,128100,46.6,0.78
127701,128200,43.2,0.22
127801,128300,41.2,-0.11
127901,128400,35.2,-1.1
128001,128500,32.6,-1.53
128101,128600,36.0,-0.97
128201,128700,40.2,-0.28
128301,128800,41.0,-0.14
128401,128900,46.8,0.82
128501,129000,50.4,1.41
128601,129100,47.6,0.95
128701,129200,47.8,0.98
128801,129300,51.0,1.51
128901,129400,48.6,1.11
129001,129500,46.0,0.68
129101,129600,46.6,0.78
129201,129700,42.8,0.15
129301,129800,39.6,-0.38
129401,129900,39.4,-0.41
129501,130000,40.8,-0.18
129601,130100,41.4,-0.08
129701,130200,43.2,0.22
129801,130300,45.0,0.52
129901,130400,45.2,0.55
130001,130500,42.6,0.12
130101,130600,40.2,-0.28
130201,130700,38.4,-0.57
130301,130800,35.4,-1.07
130401,130900,33.8,-1.33
130501,131000,36.6,-0.87
130601,131100,37.8,-0.67
130701,131200,42.0,0.02
130801,131300,45.4,0.58
130901,131400,46.8,0.82
131001,131500,44.4,0.42
131101,131600,43.8,0.32
131201,131700,44.6,0.45
131301,131800,45.2,0.55
131401,131900,44.4,0.42
131501,132000,46.8,0.82
131601,132100,50.8,1.48
131701,132200,49.0,1.18
131801,132300,46.8,0.82
131901,132400,46.2,0.72
132001,132500,45.8,0.65
132101,132600,41.6,-0.04
132201,132700,39.8,-0.34
132301,132800,39.4,-0.41
132401,132900,41.4,-0.08
132501,133000,39.8,-0.34
132601,133100,38.4,-0.57
132701,133200,40.6,-0.21
132801,133300,39.8,-0.34
132901,133400,38.2,-0.61
133001,133500,37.2,-0.77
133101,133600,38.6,-0.54
133201,133700,39.0,-0.47
133301,133800,42.2,0.06
133401,133900,44.6,0.45
133501,134000,50.0,1.35
133601,134100,53.0,1.84
133701,134200,51.8,1.64
133801,134300,49.6,1.28
133901,134400,48.2,1.05
134001,134500,44.6,0.45
134101,134600,43.2,0.22
134201,134700,43.6,0.29
134301,134800,43.4,0.25
134401,134900,42.0,0.02
134501,135000,44.4,0.42
134601,135100,46.6,0.78
134701,135200,44.6,0.45
134801,135300,43.4,0.25
134901,135400,43.0,0.19
135001,135500,40.8,-0.18
135101,135600,38.2,-0.61
135201,135700,38.0,-0.64
135301,135800,40.2,-0.28
135401,135900,40.2,-0.28
135501,136000,41.0,-0.14
135601,136100,42.2,0.06
135701,136200,41.6,-0.04
135801,136300,41.0,-0.14
135901,136400,42.8,0.15
136001,136500,40.6,-0.21
136101,136600,38.2,-0.61
136201,136700,39.4,-0.41
136301,136800,39.0,-0.47
136401,136900,36.0,-0.97
136501,137000,36.0,-0.97
136601,137100,35.8,-1.0
136701,137200,38.0,-0.64
136801,137300,40.8,-0.18
136901,137400,46.6,0.78
137001,137500,47.0,0.85
137101,137600,46.6,0.78
137201,137700,43.2,0.22
137301,137800,40.4,-0.24
137401,137900,34.8,-1.17
137501,138000,34.6,-1.2
137601,138100,34.8,-1.17
137701,138200,34.2,-1.27
137801,138300,35.8,-1.0
137901,138400,33.6,-1.37
138001,138500,32.6,-1.53
138101,138600,30.4,-1.9
138201,138700,31.8,-1.67
138301,138800,29.6,-2.03
138401,138900,31.2,-1.77
138501,139000,30.6,-1.86
138601,139100,35.2,-1.1
138701,139200,37.0,-0.81
138801,139300,36.6,-0.87
138901,139400,39.2,-0.44
139001,139500,41.0,-0.14
139101,139600,40.8,-0.18
139201,139700,38.6,-0.54
139301,139800,40.6,-0.21
139401,139900,42.8,0.15
139501,140000,46.4,0.75
139601,140100,45.2,0.55
139701,140200,47.8,0.98
139801,140300,48.6,1.11
139901,140400,46.8,0.82
140001,140500,42.6,0.12
140101,140600,43.6,0.29
140201,140700,45.8,0.65
140301,140800,46.8,0.82
140401,140900,45.2,0.55
140501,141000,47.2,0.88
140601,141100,45.2,0.55
140701,141200,39.8,-0.34
140801,141300,36.4,-0.9
140901,141400,35.4,-1.07
141001,141500,35.2,-1.1
141101,141600,35.2,-1.1
141201,141700,40.4,-0.24
141301,141800,41.4,-0.08
141401,141900,41.6,-0.04
141501,142000,41.6,-0.04
141601,142100,40.8,-0.18
141701,142200,36.8,-0.84
141801,142300,36.2,-0.94
141901,142400,34.2,-1.27
142001,142500,32.0,-1.63
142101,142600,30.4,-1.9
142201,142700,27.0,-2.46
142301,142800,29.0,-2.13
142401,142900,34.6,-1.2
142501,143000,40.2,-0.28
142601,143100,43.4,0.25
142701,143200,48.8,1.15
142801,143300,49.0,1.18
142901,143400,46.2,0.72
143001,143500,40.0,-0.31
143101,143600,37.6,-0.71
143201,143700,33.2,-1.43
143301,143800,36.0,-0.97
143401,143900,40.0,-0.31
143501,144000,40.8,-0.18
143601,144100,39.2,-0.44
143701,144200,38.4,-0.57
143801,144300,31.6,-1.7
143901,144400,29.4,-2.06
144001,144500,28.2,-2.26
144101,144600,30.0,-1.96
144201,144700,33.2,-1.43
144301,144800,32.2,-1.6
144401,144900,23.8,-2.99
144501,145000,28.2,-2.26
144601,145100,31.0,-1.8
144701,145200,34.6,-1.2
144801,145300,36.0,-0.97
144901,145400,41.2,-0.11
145001,145500,41.0,-0.14
145101,145600,41.8,-0.01
145201,145700,42.0,0.02
145301,145800,42.4,0.09
145401,145900,42.6,0.12
145501,146000,42.0,0.02
145601,146100,41.4,-0.08
145701,146200,37.6,-0.71
145801,146300,40.8,-0.18
145901,146400,42.0,0.02
146001,146500,37.4,-0.74
146101,146600,36.2,-0.94
146201,146700,38.6,-0.54
146301,146800,40.2,-0.28
146401,146900,40.0,-0.31
146501,147000,41.6,-0.04
146601,147100,42.6,0.12
146701,147200,41.4,-0.08
146801,147300,38.4,-0.57
146901,147400,40.4,-0.24
147001,147500,41.8,-0.01
147101,147600,38.2,-0.61
147201,147700,37.8,-0.67
147301,147800,40.0,-0.31
147401,147900,41.4,-0.08
147501,148000,39.2,-0.44
147601,148100,38.8,-0.51
147701,148200,34.4,-1.24
147801,148300,37.0,-0.81
147901,148400,38.0,-0.64
148001,148500,43.8,0.32
148101,148600,45.6,0.62
148201,148700,53.4,1.91
148301,148800,49.8,1.31
148401,148900,46.2,0.72
148501,149000,41.6,-0.04
148601,149100,39.8,-0.34
148701,149200,34.4,-1.24
148801,149300,30.8,-1.83
148901,149400,35.2,-1.1
149001,149500,39.6,-0.38
149101,149600,44.6,0.45
149201,149700,44.2,0.39
149301,149800,44.6,0.45
149401,149900,38.8,-0.51
149501,150000,35.0,-1.14
149601,150100,31.0,-1.8
149701,150200,31.4,-1.73
149801,150300,30.8,-1.83
149901,150400,29.0,-2.13
150001,150500,31.8,-1.67
150101,150600,36.0,-0.97
150201,150700,39.8,-0.34
150301,150800,41.4,-0.08
150401,150900,43.0,0.19
150501,151000,39.8,-0.34
150601,151100,37.8,-0.67
150701,151200,32.4,-1.57
150801,151300,30.6,-1.86
150901,151400,31.6,-1.7
151001,151500,32.0,-1.63
151101,151600,30.8,-1.83
151201,151700,32.6,-1.53
151301,151800,36.6,-0.87
151401,151900,37.2,-0.77
151501,152000,40.4,-0.24
151601,152100,43.8,0.32
151701,152200,47.2,0.88
151801,152300,47.6,0.95
151901,152400,48.0,1.02
152001,152500,45.6,0.62
152101,152600,42.6,0.12
152201,152700,40.0,-0.31
152301,152800,39.8,-0.34
152401,152900,41.2,-0.11
152501,153000,41.8,-0.01
152601,153100,42.8,0.15
152701,153200,42.6,0.12
152801,153300,42.8,0.15
152901,153400,43.2,0.22
153001,153500,41.2,-0.11
153101,153600,42.6,0.12
153201,153700,44.0,0.35
153301,153800,40.8,-0.18
153401,153900,39.0,-0.47
153501,154000,41.2,-0.11
153601,154100,38.6,-0.54
153701,154200,39.2,-0.44
153801,154300,43.0,0.19
153901,154400,44.6,0.45
154001,154500,47.4,0.92
154101,154600,49.8,1.31
154201,154700,51.6,1.61
154301,154800,51.2,1.54
154401,154900,53.8,1.97
154501,155000,49.0,1.18
154601,155100,47.4,0.92
154701,155200,44.6,0.45
154801,155300,41.2,-0.11
154901,155400,39.2,-0.44
155001,155500,41.8,-0.01
155101,155600,44.6,0.45
155201,155700,45.0,0.52
155301,155800,46.6,0.78
155401,155900,45.0,0.52
155501,156000,43.0,0.19
155601,156100,43.2,0.22
155701,156200,44.2,0.39
155801,156300,42.6,0.12
155901,156400,40.4,-0.24
156001,156500,39.8,-0.34
156101,156600,38.2,-0.61
156201,156700,37.8,-0.67
156301,156800,42.4,0.09
156401,156900,43.4,0.25
156501,157000,44.4,0.42
156601,157100,45.2,0.55
156701,157200,44.4,0.42
156801,157300,42.8,0.15
156901,157400,44.4,0.42
157001,157500,46.6,0.78
157101,157600,48.8,1.15
157201,157700,52.4,1.74
157301,157800,53.4,1.91
157401,157900,52.6,1.78
157501,158000,53.4,1.91
157601,158100,51.6,1.61
157701,158200,50.8,1.48
157801,158300,51.0,1.51
157901,158400,52.8,1.81
158001,158500,49.4,1.25
158101,158600,46.8,0.82
158201,158700,43.8,0.32
158301,158800,44.2,0.39
158401,158900,44.6,0.45
158501,159000,47.8,0.98
158601,159100,44.6,0.45
158701,159200,44.8,0.49
158801,159300,44.4,0.42
158901,159400,42.4,0.09
159001,159500,39.0,-0.47
159101,159600,40.8,-0.18
159201,159700,42.6,0.12
159301,159800,41.6,-0.04
159401,159900,44.8,0.49
159501,160000,45.4,0.58
159601,160100,48.2,1.05
159701,160200,44.4,0.42
159801,160300,42.2,0.06
159901,160400,39.2,-0.44
160001,160500,40.0,-0.31
160101,160600,39.6,-0.38
160201,160700,39.8,-0.34
160301,160800,38.4,-0.57
160401,160900,36.4,-0.9
160501,161000,35.0,-1.14
160601,161100,32.0,-1.63
160701,161200,32.2,-1.6
160801,161300,34.6,-1.2
160901,161400,34.0,-1.3
161001,161500,34.6,-1.2
161101,161600,37.2,-0.77
161201,161700,37.8,-0.67
161301,161800,37.6,-0.71
161401,161900,42.4,0.09
161501,162000,44.4,0.42
161601,162100,43.8,0.32
161701,162200,45.6,0.62
161801,162300,47.4,0.92
161901,162400,45.4,0.58
162001,162500,47.4,0.92
162101,162600,50.0,1.35
162201,162700,51.2,1.54
162301,162800,52.6,1.78
162401,162900,53.8,1.97
162501,163000,51.0,1.51
162601,163100,47.2,0.88
162701,163200,43.2,0.22
162801,163300,39.2,-0.44
162901,163400,33.0,-1.47
163001,163500,30.2,-1.93
163101,163600,33.2,-1.43
163201,163700,35.8,-1.0
163301,163800,39.6,-0.38
163401,163900,45.6,0.62
163501,164000,51.2,1.54
163601,164100,49.0,1.18
163701,164200,50.2,1.38
163801,164300,48.8,1.15
163901,164400,51.2,1.54
164001,164500,52.6,1.78
164101,164600,54.6,2.11
164201,164700,54.6,2.11
164301,164800,54.4,2.07
164401,164900,49.2,1.21
164501,165000,43.0,0.19
164601,165100,42.2,0.06
164701,165200,41.8,-0.01
164801,165300,40.2,-0.28
164901,165400,44.6,0.45
165001,165500,46.8,0.82
165101,165600,47.8,0.98
165201,165700,44.6,0.45
165301,165800,46.2,0.72
165401,165900,42.8,0.15
165501,166000,42.4,0.09
165601,166100,41.6,-0.04
165701,166200,43.6,0.29
165801,166300,41.2,-0.11
165901,166400,40.8,-0.18
166001,166500,40.2,-0.28
166101,166600,39.6,-0.38
166201,166700,39.6,-0.38
166301,166800,43.4,0.25
166401,166900,46.6,0.78
166501,167000,46.6,0.78
166601,167100,46.4,0.75
166701,167200,45.2,0.55
166801,167300,40.2,-0.28
166901,167400,33.0,-1.47
167001,167500,28.8,-2.16
167101,167600,24.8,-2.82
167201,167700,23.4,-3.06
167301,167800,22.4,-3.22
167401,167900,26.0,-2.63
167501,168000,30.2,-1.93
167601,168100,32.8,-1.5
167701,168200,36.4,-0.9
167801,168300,41.8,-0.01
167901,168400,42.8,0.15
168001,168500,43.2,0.22
168101,168600,47.6,0.95
168201,168700,46.8,0.82
168301,168800,46.4,0.75
168401,168900,46.8,0.82
168501,169000,47.0,0.85
168601,169100,46.8,0.82
168701,169200,45.0,0.52
168801,169300,45.6,0.62
168901,169400,46.4,0.75
169001,169500,46.8,0.82
169101,169600,41.6,-0.04
169201,169700,42.0,0.02
169301,169800,39.6,-0.38
169401,169900,38.2,-0.61
169501,170000,36.6,-0.87
169601,170100,35.6,-1.04
169701,170200,34.6,-1.2
169801,170300,37.6,-0.71
169901,170400,38.6,-0.54
170001,170500,41.2,-0.11
170101,170600,47.0,0.85
170201,170700,50.4,1.41
170301,170800,47.4,0.92
170401,170900,44.6,0.45
170501,171000,39.0,-0.47
170601,171100,36.0,-0.97
170701,171200,32.0,-1.63
170801,171300,29.0,-2.13
170901,171400,28.2,-2.26
171001,171500,30.4,-1.9
171101,171600,30.2,-1.93
171201,171700,30.4,-1.9
171301,171800,32.2,-1.6
171401,171900,33.8,-1.33
171501,172000,34.6,-1.2
171601,172100,31.0,-1.8
171701,172200,34.6,-1.2
171801,172300,35.4,-1.07
171901,172400,38.2,-0.61
172001,172500,43.0,0.19
172101,172600,48.6,1.11
172201,172700,47.6,0.95
172301,172800,48.0,1.02
172401,172900,44.8,0.49
172501,173000,42.6,0.12
172601,173100,42.8,0.15
172701,173200,44.4,0.42
172801,173300,49.0,1.18
172901,173400,52.0,1.68
173001,173500,49.2,1.21
173101,173600,48.6,1.11
173201,173700,49.0,1.18
173301,173800,47.8,0.98
173401,173900,46.2,0.72
173501,174000,45.4,0.58
173601,174100,42.8,0.15
173701,174200,39.2,-0.44
173801,174300,33.8,-1.33
173901,174400,32.2,-1.6
174001,174500,34.2,-1.27
174101,174600,38.6,-0.54
174201,174700,42.2,0.06
174301,174800,44.6,0.45
174401,174900,45.8,0.65
174501,175000,47.2,0.88
174601,175100,44.6,0.45
174701,175200,41.4,-0.08
174801,175300,42.0,0.02
174901,175400,44.2,0.39
175001,175500,43.8,0.32
175101,175600,44.4,0.42
175201,175700,45.0,0.52
175301,175800,42.8,0.15
175401,175900,39.2,-0.44
175501,176000,36.0,-0.97
175601,176100,33.4,-1.4
175701,176200,30.4,-1.9
175801,176300,33.0,-1.47
175901,176400,34.8,-1.17
176001,176500,39.8,-0.34
176101,176600,40.4,-0.24
176201,176700,42.4,0.09
176301,176800,39.2,-0.44
176401,176900,39.4,-0.41
176501,177000,35.4,-1.07
176601,177100,33.2,-1.43
176701,177200,31.8,-1.67
176801,177300,31.2,-1.77
176901,177400,31.4,-1.73
177001,177500,30.4,-1.9
177101,177600,32.8,-1.5
177201,177700,34.8,-1.17
177301,177800,39.4,-0.41
177401,177900,43.0,0.19
177501,178000,45.8,0.65
177601,178100,48.2,1.05
177701,178200,50.0,1.35
177801,178300,47.2,0.88
177901,178400,41.6,-0.04
178001,178500,39.0,-0.47
178101,178600,38.4,-0.57
178201,178700,37.8,-0.67
178301,178800,38.4,-0.57
178401,178900,40.4,-0.24
178501,179000,42.4,0.09
178601,179100,41.8,-0.01
178701,179200,41.2,-0.11
178801,179300,42.8,0.15
178901,179400,43.6,0.29
179001,179500,44.4,0.42
179101,179600,42.8,0.15
179201,179700,42.2,0.06
179301,179800,37.8,-0.67
179401,179900,36.4,-0.9
179501,180000,36.4,-0.9
179601,180100,39.2,-0.44
179701,180200,41.0,-0.14
179801,180300,46.6,0.78
179901,180400,48.0,1.02
180001,180500,44.6,0.45
180101,180600,43.2,0.22
180201,180700,39.8,-0.34
180301,180800,33.6,-1.37
180401,180900,30.4,-1.9
180501,181000,32.6,-1.53
180601,181100,32.8,-1.5
180701,181200,32.2,-1.6
180801,181300,35.6,-1.04
180901,181400,35.0,-1.14
181001,181500,33.0,-1.47
181101,181600,31.6,-1.7
181201,181700,35.0,-1.14
181301,181800,34.4,-1.24
181401,181900,37.8,-0.67
181501,182000,42.4,0.09
181601,182100,44.6,0.45
181701,182200,44.2,0.39
181801,182300,44.8,0.49
181901,182400,44.6,0.45
182001,182500,42.2,0.06
182101,182600,43.6,0.29
182201,182700,44.4,0.42
182301,182800,43.4,0.25
182401,182900,43.4,0.25
182501,183000,43.4,0.25
182601,183100,40.8,-0.18
182701,183200,38.4,-0.57
182801,183300,38.0,-0.64
182901,183400,34.0,-1.3
183001,183500,31.8,-1.67
183101,183600,31.0,-1.8
183201,183700,31.2,-1.77
183301,183800,29.6,-2.03
183401,183900,31.8,-1.67
183501,184000,34.2,-1.27
183601,184100,37.6,-0.71
183701,184200,42.4,0.09
183801,184300,45.2,0.55
183901,184400,47.4,0.92
184001,184500,48.6,1.11
184101,184600,46.0,0.68
184201,184700,43.0,0.19
184301,184800,42.8,0.15
184401,184900,39.4,-0.41
184501,185000,36.4,-0.9
184601,185100,36.2,-0.94
184701,185200,35.0,-1.14
184801,185300,33.4,-1.4
184901,185400,33.6,-1.37
185001,185500,34.6,-1.2
185101,185600,35.6,-1.04
185201,185700,37.4,-0.74
185301,185800,38.4,-0.57
185401,185900,41.4,-0.08
185501,186000,42.0,0.02
185601,186100,40.4,-0.24
185701,186200,39.4,-0.41
185801,186300,38.6,-0.54
185901,186400,38.0,-0.64
186001,186500,37.2,-0.77
186101,186600,38.2,-0.61
186201,186700,37.2,-0.77
186301,186800,39.2,-0.44
186401,186900,39.2,-0.44
186501,187000,42.4,0.09
186601,187100,44.8,0.49
186701,187200,49.6,1.28
186801,187300,49.4,1.25
186901,187400,52.6,1.78
187001,187500,49.6,1.28
187101,187600,48.8,1.15
187201,187700,47.0,0.85
187301,187800,48.8,1.15
187401,187900,46.6,0.78
187501,188000,48.2,1.05
187601,188100,47.2,0.88
187701,188200,44.4,0.42
187801,188300,42.2,0.06
187901,188400,43.0,0.19
188001,188500,42.6,0.12
188101,188600,42.6,0.12
188201,188700,40.8,-0.18
188301,188800,41.6,-0.04
188401,188900,39.2,-0.44
188501,189000,39.2,-0.44
188601,189100,39.8,-0.34
188701,189200,41.8,-0.01
188801,189300,38.2,-0.61
188901,189400,38.2,-0.61
189001,189500,36.6,-0.87
189101,189600,39.4,-0.41
189201,189700,40.2,-0.28
189301,189800,43.8,0.32
189401,189900,46.0,0.68
189501,190000,46.0,0.68
189601,190100,43.4,0.25
189701,190200,40.0,-0.31
189801,190300,39.4,-0.41
189901,190400,37.6,-0.71
190001,190500,40.2,-0.28
190101,190600,39.8,-0.34
190201,190700,41.8,-0.01
190301,190800,41.0,-0.14
190401,190900,40.0,-0.31
190501,191000,37.6,-0.71
190601,191100,37.0,-0.81
190701,191200,36.8,-0.84
190801,191300,37.2,-0.77
190901,191400,39.0,-0.47
191001,191500,41.8,-0.01
191101,191600,44.6,0.45
191201,191700,46.8,0.82
191301,191800,47.6,0.95
191401,191900,48.8,1.15
191501,192000,48.4,1.08
191601,192100,46.8,0.82
191701,192200,48.6,1.11
191801,192300,50.6,1.45
191901,192400,50.6,1.45
192001,192500,49.4,1.25
192101,192600,49.0,1.18
192201,192700,45.8,0.65
192301,192800,42.8,0.15
192401,192900,41.6,-0.04
192501,193000,39.4,-0.41
192601,193100,38.0,-0.64
192701,193200,37.4,-0.74
192801,193300,36.2,-0.94
192901,193400,34.6,-1.2
193001,193500,34.6,-1.2
193101,193600,32.8,-1.5
193201,193700,33.2,-1.43
193301,193800,34.6,-1.2
193401,193900,34.8,-1.17
193501,194000,37.2,-0.77
193601,194100,38.6,-0.54
193701,194200,38.2,-0.61
193801,194300,38.6,-0.54
193901,194400,37.4,-0.74
194001,194500,35.4,-1.07
194101,194600,37.0,-0.81
194201,194700,40.6,-0.21
194301,194800,42.2,0.06
194401,194900,47.8,0.98
194501,195000,51.0,1.51
194601,195100,49.8,1.31
194701,195200,47.4,0.92
194801,195300,43.2,0.22
194901,195400,37.0,-0.81
195001,195500,35.4,-1.07
195101,195600,36.8,-0.84
195201,195700,34.8,-1.17
195301,195800,35.4,-1.07
195401,195900,36.8,-0.84
195501,196000,34.4,-1.24
195601,196100,30.4,-1.9
195701,196200,32.4,-1.57
195801,196300,34.2,-1.27
195901,196400,34.8,-1.17
196001,196500,37.4,-0.74
196101,196600,42.2,0.06
196201,196700,39.2,-0.44
196301,196800,40.6,-0.21
196401,196900,40.0,-0.31
196501,197000,37.4,-0.74
196601,197100,35.4,-1.07
196701,197200,36.8,-0.84
196801,197300,35.2,-1.1
196901,197400,37.0,-0.81
197001,197500,40.4,-0.24
197101,197600,41.6,-0.04
197201,197700,44.0,0.35
197301,197800,46.2,0.72
197401,197900,47.2,0.88
197501,198000,48.4,1.08
197601,198100,49.4,1.25
197701,198200,49.6,1.28
197801,198300,47.4,0.92
197901,198400,45.2,0.55
198001,198500,46.4,0.75
198101,198600,45.0,0.52
198201,198700,42.8,0.15
198301,198800,43.6,0.29
198401,198900,45.4,0.58
198501,199000,41.0,-0.14
198601,199100,39.6,-0.38
198701,199200,43.8,0.32
198801,199300,45.6,0.62
198901,199400,46.2,0.72
199001,199500,45.8,0.65
199101,199600,47.8,0.98
199201,199700,45.4,0.58
199301,199800,43.2,0.22
199401,199900,38.4,-0.57
199501,200000,38.6,-0.54
199601,200100,37.4,-0.74
199701,200200,34.0,-1.3
199801,200300,33.8,-1.33
199901,200400,35.4,-1.07
200001,200500,35.2,-1.1
200101,200600,34.4,-1.24
200201,200700,37.6,-0.71
200301,200800,38.2,-0.61
200401,200900,41.8,-0.01
200501,201000,44.0,0.35
200601,201100,44.4,0.42
200701,201200,45.6,0.62
200801,201300,47.0,0.85
200901,201400,43.8,0.32
201001,201500,45.0,0.52
201101,201600,44.6,0.45
201201,201700,40.6,-0.21
201301,201800,36.4,-0.9
201401,201900,34.6,-1.2
201501,202000,32.4,-1.57
201601,202100,30.8,-1.83
201701,202200,32.6,-1.53
201801,202300,34.6,-1.2
201901,202400,36.2,-0.94
202001,202500,34.6,-1.2
202101,202600,35.0,-1.14
202201,202700,31.8,-1.67
202301,202800,29.0,-2.13
202401,202900,32.8,-1.5
202501,203000,35.0,-1.14
202601,203100,37.2,-0.77
202701,203200,39.4,-0.41
202801,203300,45.4,0.58
202901,203400,39.8,-0.34
203001,203500,40.0,-0.31
203101,203600,38.8,-0.51
203201,203700,39.0,-0.47
203301,203800,36.6,-0.87
203401,203900,36.8,-0.84
203501,204000,33.2,-1.43
203601,204100,33.4,-1.4
203701,204200,33.4,-1.4
203801,204300,34.6,-1.2
203901,204400,39.6,-0.38
204001,204500,42.0,0.02
204101,204600,40.4,-0.24
204201,204700,38.6,-0.54
204301,204800,36.2,-0.94
204401,204900,34.0,-1.3
204501,205000,34.2,-1.27
204601,205100,35.2,-1.1
204701,205200,38.6,-0.54
204801,205300,37.0,-0.81
204901,205400,34.8,-1.17
205001,205500,33.0,-1.47
205101,205600,34.6,-1.2
205201,205700,33.4,-1.4
205301,205800,36.8,-0.84
205401,205900,40.2,-0.28
205501,206000,43.8,0.32
205601,206100,45.8,0.65
205701,206200,47.4,0.92
205801,206300,47.6,0.95
205901,206400,46.6,0.78
206001,206500,47.2,0.88
206101,206600,47.0,0.85
206201,206700,48.2,1.05
206301,206800,50.2,1.38
206401,206900,52.0,1.68
206501,207000,51.8,1.64
206601,207100,50.6,1.45
206701,207200,48.6,1.11
206801,207300,43.8,0.32
206901,207400,40.2,-0.28
207001,207500,38.0,-0.64
207101,207600,38.2,-0.61
207201,207700,38.4,-0.57
207301,207800,43.0,0.19
207401,207900,43.8,0.32
207501,208000,43.8,0.32
207601,208100,45.0,0.52
207701,208200,45.4,0.58
207801,208300,41.6,-0.04
207901,208400,45.8,0.65
208001,208500,47.6,0.95
208101,208600,47.2,0.88
208201,208700,47.2,0.88
208301,208800,50.2,1.38
208401,208900,46.2,0.72
208501,209000,44.2,0.39
208601,209100,41.2,-0.11
208701,209200,41.6,-0.04
208801,209300,38.8,-0.51
208901,209400,40.8,-0.18
209001,209500,43.8,0.32
209101,209600,43.8,0.32
209201,209700,44.0,0.35
209301,209800,46.0,0.68
209401,209900,44.2,0.39
209501,210000,43.2,0.22
209601,210100,44.2,0.39
209701,210200,42.4,0.09
209801,210300,43.0,0.19
209901,210400,41.0,-0.14
210001,210500,38.6,-0.54
210101,210600,37.4,-0.74
210201,210700,34.8,-1.17
210301,210800,32.2,-1.6
210401,210900,31.4,-1.73
210501,211000,31.4,-1.73
210601,211100,32.8,-1.5
210701,211200,38.0,-0.64
210801,211300,38.8,-0.51
210901,211400,40.0,-0.31
211001,211500,44.2,0.39
211101,211600,44.0,0.35
211201,211700,44.4,0.42
211301,211800,46.6,0.78
211401,211900,51.2,1.54
211501,212000,50.0,1.35
211601,212100,49.4,1.25
211701,212200,47.8,0.98
211801,212300,42.0,0.02
211901,212400,39.2,-0.44
212001,212500,38.4,-0.57
212101,212600,39.0,-0.47
212201,212700,40.4,-0.24
212301,212800,47.0,0.85
212401,212900,43.0,0.19
212501,213000,38.0,-0.64
212601,213100,36.0,-0.97
212701,213200,36.0,-0.97
212801,213300,30.2,-1.93
212901,213400,35.2,-1.1
213001,213500,40.2,-0.28
213101,213600,43.6,0.29
213201,213700,41.6,-0.04
213301,213800,46.0,0.68
213401,213900,47.4,0.92
213501,214000,48.0,1.02
213601,214100,49.0,1.18
213701,214200,48.8,1.15
213801,214300,45.6,0.62
213901,214400,44.0,0.35
214001,214500,43.8,0.32
214101,214600,38.2,-0.61
214201,214700,38.8,-0.51
214301,214800,38.4,-0.57
214401,214900,35.8,-1.0
214501,215000,33.6,-1.37
214601,215100,41.6,-0.04
214701,215200,40.2,-0.28
214801,215300,41.6,-0.04
214901,215400,44.8,0.49
215001,215500,45.0,0.52
215101,215600,39.0,-0.47
215201,215700,38.4,-0.57
215301,215800,37.6,-0.71
215401,215900,36.6,-0.87
215501,216000,36.6,-0.87
215601,216100,36.8,-0.84
215701,216200,38.4,-0.57
215801,216300,38.6,-0.54
215901,216400,37.6,-0.71
216001,216500,38.8,-0.51
216101,216600,41.4,-0.08
216201,216700,41.2,-0.11
216301,216800,44.4,0.42
216401,216900,47.0,0.85
216501,217000,46.8,0.82
216601,217100,47.8,0.98
216701,217200,52.0,1.68
216801,217300,52.2,1.71
216901,217400,51.8,1.64
217001,217500,51.6,1.61
217101,217600,48.8,1.15
217201,217700,44.6,0.45
217301,217800,42.2,0.06
217401,217900,38.2,-0.61
217501,218000,37.2,-0.77
217601,218100,36.2,-0.94
217701,218200,34.6,-1.2
217801,218300,40.0,-0.31
217901,218400,42.2,0.06
218001,218500,44.6,0.45
218101,218600,45.2,0.55
218201,218700,43.2,0.22
218301,218800,38.4,-0.57
218401,218900,39.0,-0.47
218501,219000,39.8,-0.34
218601,219100,41.2,-0.11
218701,219200,44.0,0.35
218801,219300,46.2,0.72
218901,219400,45.8,0.65
219001,219500,43.2,0.22
219101,219600,43.2,0.22
219201,219700,44.4,0.42
219301,219800,44.6,0.45
219401,219900,46.8,0.82
219501,220000,49.4,1.25
219601,220100,50.8,1.48
219701,220200,51.8,1.64
219801,220300,52.0,1.68
219901,220400,52.0,1.68
220001,220500,47.4,0.92
220101,220600,44.2,0.39
220201,220700,43.2,0.22
220301,220800,38.2,-0.61
220401,220900,37.0,-0.81
220501,221000,41.4,-0.08
220601,221100,44.8,0.49
220701,221200,48.0,1.02
220801,221300,48.2,1.05
220901,221400,48.0,1.02
221001,221500,46.6,0.78
221101,221600,46.0,0.68
221201,221700,43.0,0.19
221301,221800,46.2,0.72
221401,221900,44.6,0.45
221501,222000,44.2,0.39
221601,222100,42.8,0.15
221701,222200,41.8,-0.01
221801,222300,38.4,-0.57
221901,222400,40.4,-0.24
222001,222500,41.6,-0.04
222101,222600,44.2,0.39
222201,222700,47.6,0.95
222301,222800,51.0,1.51
222401,222900,52.8,1.81
222501,223000,51.0,1.51
222601,223100,44.6,0.45
222701,223200,39.0,-0.47
222801,223300,39.2,-0.44
222901,223400,35.8,-1.0
223001,223500,37.8,-0.67
223101,223600,43.8,0.32
223201,223700,47.0,0.85
223301,223800,43.8,0.32
223401,223900,48.2,1.05
223501,224000,47.6,0.95
223601,224100,48.8,1.15
223701,224200,50.6,1.45
223801,224300,50.8,1.48
223901,224400,43.6,0.29
224001,224500,38.8,-0.51
224101,224600,33.8,-1.33
224201,224700,31.0,-1.8
224301,224800,32.2,-1.6
224401,224900,33.8,-1.33
224501,225000,36.6,-0.87
224601,225100,37.4,-0.74
224701,225200,36.2,-0.94
224801,225300,35.0,-1.14
224901,225400,39.0,-0.47
225001,225500,40.8,-0.18
225101,225600,42.8,0.15
225201,225700,44.4,0.42
225301,225800,47.6,0.95
225401,225900,43.2,0.22
225501,226000,41.0,-0.14
225601,226100,39.2,-0.44
225701,226200,39.4,-0.41
225801,226300,38.8,-0.51
225901,226400,42.2,0.06
226001,226500,45.2,0.55
226101,226600,47.4,0.92
226201,226700,47.0,0.85
226301,226800,44.8,0.49
226401,226900,43.6,0.29
226501,227000,42.4,0.09
226601,227100,39.6,-0.38
226701,227200,38.6,-0.54
226801,227300,38.6,-0.54
226901,227400,38.4,-0.57
227001,227500,37.0,-0.81
227101,227600,38.6,-0.54
227201,227700,39.8,-0.34
227301,227800,40.8,-0.18
227401,227900,40.2,-0.28
227501,228000,40.8,-0.18
227601,228100,41.0,-0.14
227701,228200,41.2,-0.11
227801,228300,39.6,-0.38
227901,228400,39.8,-0.34
228001,228500,38.8,-0.51
228101,228600,37.2,-0.77
228201,228700,35.2,-1.1
228301,228800,35.4,-1.07
228401,228900,33.8,-1.33
228501,229000,33.8,-1.33
228601,229100,36.0,-0.97
228701,229200,38.8,-0.51
228801,229300,37.8,-0.67
228901,229400,39.6,-0.38
229001,229500,41.4,-0.08
229101,229600,38.8,-0.51
229201,229700,34.8,-1.17
229301,229800,38.2,-0.61
229401,229900,38.6,-0.54
229501,230000,39.6,-0.38
229601,230100,43.8,0.32
229701,230200,47.4,0.92
229801,230300,48.4,1.08
229901,230400,49.4,1.25
230001,230500,46.4,0.75
230101,230600,41.2,-0.11
230201,230700,40.2,-0.28
230301,230800,36.8,-0.84
230401,230900,35.8,-1.0
230501,231000,36.0,-0.97
230601,231100,38.4,-0.57
230701,231200,37.0,-0.81
230801,231300,36.6,-0.87
230901,231400,33.2,-1.43
231001,231500,33.8,-1.33
231101,231600,32.6,-1.53
231201,231700,34.0,-1.3
231301,231800,33.4,-1.4
231401,231900,35.8,-1.0
231501,232000,35.8,-1.0
231601,232100,37.0,-0.81
231701,232200,39.8,-0.34
231801,232300,39.4,-0.41
231901,232400,43.4,0.25
232001,232500,45.6,0.62
232101,232600,47.6,0.95
232201,232700,46.0,0.68
232301,232800,46.8,0.82
232401,232900,42.0,0.02
232501,233000,39.6,-0.38
232601,233100,37.4,-0.74
232701,233200,36.0,-0.97
232801,233300,41.2,-0.11
232901,233400,44.2,0.39
233001,233500,46.0,0.68
233101,233600,46.8,0.82
233201,233700,46.2,0.72
233301,233800,41.8,-0.01
233401,233900,41.8,-0.01
233501,234000,42.2,0.06
233601,234100,43.6,0.29
233701,234200,46.8,0.82
233801,234300,49.6,1.28
233901,234400,45.2,0.55
234001,234500,40.4,-0.24
234101,234600,37.6,-0.71
234201,234700,34.0,-1.3
234301,234800,35.4,-1.07
234401,234900,40.0,-0.31
234501,235000,46.6,0.78
234601,235100,46.0,0.68
234701,235200,46.8,0.82
234801,235300,41.0,-0.14
234901,235400,35.4,-1.07
235001,235500,29.8,-2.0
235101,235600,28.4,-2.23
235201,235700,27.2,-2.43
235301,235800,28.4,-2.23
235401,235900,29.2,-2.1
235501,236000,33.8,-1.33
235601,236100,36.4,-0.9
235701,236200,36.4,-0.9
235801,236300,36.6,-0.87
235901,236400,39.6,-0.38
236001,236500,38.2,-0.61
236101,236600,40.2,-0.28
236201,236700,45.4,0.58
236301,236800,45.2,0.55
236401,236900,44.6,0.45
236501,237000,44.6,0.45
236601,237100,42.6,0.12
236701,237200,39.6,-0.38
236801,237300,42.6,0.12
236901,237400,47.6,0.95
237001,237500,48.0,1.02
237101,237600,47.8,0.98
237201,237700,49.0,1.18
237301,237800,49.6,1.28
237401,237900,46.2,0.72
237501,238000,45.4,0.58
237601,238100,49.0,1.18
237701,238200,51.2,1.54
237801,238300,49.6,1.28
237901,238400,50.6,1.45
238001,238500,49.2,1.21
238101,238600,45.0,0.52
238201,238700,41.0,-0.14
238301,238800,37.8,-0.67
238401,238900,34.6,-1.2
238501,239000,36.2,-0.94
238601,239100,37.8,-0.67
238701,239200,39.8,-0.34
238801,239300,43.8,0.32
238901,239400,47.0,0.85
239001,239500,45.4,0.58
239101,239600,45.6,0.62
239201,239700,44.8,0.49
239301,239800,46.8,0.82
239401,239900,42.0,0.02
239501,240000,47.4,0.92
239601,240100,48.0,1.02
239701,240200,50.4,1.41
239801,240300,45.8,0.65
239901,240400,47.4,0.92
240001,240500,41.6,-0.04
240101,240600,39.8,-0.34
240201,240700,37.4,-0.74
240301,240800,39.0,-0.47
240401,240900,40.2,-0.28
240501,241000,41.6,-0.04
240601,241100,42.0,0.02
240701,241200,40.0,-0.31
240801,241300,40.6,-0.21
240901,241400,42.0,0.02
241001,241500,43.8,0.32
241101,241600,44.6,0.45
241201,241700,48.4,1.08
241301,241800,50.2,1.38
241401,241900,51.0,1.51
241501,242000,51.0,1.51
241601,242100,50.2,1.38
241701,242200,46.2,0.72
241801,242300,43.0,0.19
241901,242400,39.6,-0.38
242001,242500,35.4,-1.07
242101,242600,35.0,-1.14
242201,242700,36.0,-0.97
242301,242800,34.6,-1.2
242401,242900,36.0,-0.97
242501,243000,41.4,-0.08
242601,243100,43.0,0.19
242701,243200,46.6,0.78
242801,243300,52.0,1.68
242901,243400,54.0,2.01
243001,243500,51.0,1.51
243101,243600,50.4,1.41
243201,243700,48.8,1.15
243301,243800,45.0,0.52
243401,243900,41.6,-0.04
243501,244000,39.2,-0.44
243601,244100,37.2,-0.77
243701,244200,36.8,-0.84
243801,244300,35.4,-1.07
243901,244400,36.8,-0.84
244001,244500,37.4,-0.74
244101,244600,39.8,-0.34
244201,244700,38.2,-0.61
244301,244800,38.0,-0.64
244401,244900,37.6,-0.71
244501,245000,39.4,-0.41
244601,245100,39.2,-0.44
244701,245200,40.6,-0.21
244801,245300,41.6,-0.04
244901,245400,41.0,-0.14
245001,245500,42.8,0.15
245101,245600,41.8,-0.01
245201,245700,43.2,0.22
245301,245800,45.6,0.62
245401,245900,49.0,1.18
245501,246000,49.6,1.28
245601,246100,53.4,1.91
245701,246200,52.0,1.68
245801,246300,52.2,1.71
245901,246400,49.6,1.28
246001,246500,45.6,0.62
246101,246600,46.0,0.68
246201,246700,46.8,0.82
246301,246800,47.2,0.88
246401,246900,49.4,1.25
246501,247000,51.8,1.64
246601,247100,50.8,1.48
246701,247200,49.0,1.18
246801,247300,47.8,0.98
246901,247400,47.6,0.95
247001,247500,49.4,1.25
247101,247600,47.8,0.98
247201,247700,51.0,1.51
247301,247800,52.0,1.68
247401,247900,50.8,1.48
247501,248000,47.4,0.92
247601,248100,45.2,0.55
247701,248200,41.8,-0.01
247801,248300,38.4,-0.57
247901,248400,38.8,-0.51
248001,248500,39.4,-0.41
248101,248600,39.8,-0.34
248201,248700,41.0,-0.14
248301,248800,43.8,0.32
248401,248900,42.0,0.02
248501,249000,40.6,-0.21
248601,249100,41.4,-0.08
248701,249200,39.2,-0.44
248801,249300,38.0,-0.64
248901,249400,41.2,-0.11
249001,249500,44.2,0.39
249101,249600,47.0,0.85
249201,249700,50.0,1.35
249301,249800,50.2,1.38
249401,249900,48.6,1.11
249501,250000,47.8,0.98
249601,250100,43.0,0.19
249701,250200,41.6,-0.04
249801,250300,42.6,0.12
249901,250400,40.4,-0.24
250001,250500,38.2,-0.61
250101,250600,39.0,-0.47
250201,250700,38.2,-0.61
250301,250800,38.2,-0.61
250401,250900,41.6,-0.04
250501,251000,45.8,0.65
250601,251100,44.8,0.49
250701,251200,46.6,0.78
250801,251300,46.0,0.68
250901,251400,42.6,0.12
251001,251500,40.2,-0.28
251101,251600,45.2,0.55
251201,251700,44.8,0.49
251301,251800,44.0,0.35
251401,251900,45.6,0.62
251501,252000,45.8,0.65
251601,252100,43.4,0.25
251701,252200,42.2,0.06
251801,252300,44.0,0.35
251901,252400,44.8,0.49
252001,252500,44.2,0.39
252101,252600,41.4,-0.08
252201,252700,41.2,-0.11
252301,252800,39.0,-0.47
252401,252900,37.2,-0.77
252501,253000,37.2,-0.77
252601,253100,36.8,-0.84
252701,253200,33.0,-1.47
252801,253300,33.0,-1.47
252901,253400,33.6,-1.37
253001,253500,33.2,-1.43
253101,253600,33.4,-1.4
253201,253700,35.8,-1.0
253301,253800,34.2,-1.27
253401,253900,31.8,-1.67
253501,254000,31.0,-1.8
253601,254100,33.4,-1.4
253701,254200,34.0,-1.3
253801,254300,33.4,-1.4
253901,254400,34.0,-1.3
254001,254500,34.6,-1.2
254101,254600,35.0,-1.14
254201,254700,35.4,-1.07
254301,254800,37.4,-0.74
254401,254900,37.6,-0.71
254501,255000,37.0,-0.81
254601,255100,35.6,-1.04
254701,255200,34.2,-1.27
254801,255300,35.0,-1.14
254901,255400,36.8,-0.84
255001,255500,39.4,-0.41
255101,255600,40.0,-0.31
255201,255700,40.6,-0.21
255301,255800,41.2,-0.11
255401,255900,41.2,-0.11
255501,256000,38.6,-0.54
255601,256100,38.8,-0.51
255701,256200,40.0,-0.31
255801,256300,41.4,-0.08
255901,256400,44.0,0.35
256001,256500,45.2,0.55
256101,256600,47.4,0.92
256201,256700,48.2,1.05
256301,256800,50.0,1.35
256401,256900,45.8,0.65
256501,257000,43.8,0.32
256601,257100,40.4,-0.24
256701,257200,41.6,-0.04
256801,257300,38.2,-0.61
256901,257400,40.4,-0.24
257001,257500,41.8,-0.01
257101,257600,42.8,0.15
257201,257700,37.2,-0.77
257301,257800,35.6,-1.04
257401,257900,34.4,-1.24
257501,258000,35.4,-1.07
257601,258100,38.0,-0.64
257701,258200,44.2,0.39
257801,258300,47.4,0.92
257901,258400,45.2,0.55
258001,258500,42.4,0.09
258101,258600,40.0,-0.31
258201,258700,35.4,-1.07
258301,258800,30.8,-1.83
258401,258900,32.2,-1.6
258501,259000,32.8,-1.5
258601,259100,29.8,-2.0
258701,259200,30.6,-1.86
258801,259300,30.8,-1.83
258901,259400,31.4,-1.73
259001,259500,33.2,-1.43
259101,259600,36.4,-0.9
259201,259700,36.8,-0.84
259301,259800,38.0,-0.64
259401,259900,39.4,-0.41
259501,260000,42.2,0.06
259601,260100,42.2,0.06
259701,260200,40.6,-0.21
259801,260300,41.2,-0.11
259901,260400,41.2,-0.11
260001,260500,36.4,-0.9
260101,260600,35.4,-1.07
260201,260700,36.4,-0.9
260301,260800,33.6,-1.37
260401,260900,33.4,-1.4
260501,261000,36.0,-0.97
260601,261100,37.4,-0.74
260701,261200,38.6,-0.54
260801,261300,40.4,-0.24
260901,261400,40.4,-0.24
261001,261500,41.4,-0.08
261101,261600,41.8,-0.01
261201,261700,41.4,-0.08
261301,261800,41.0,-0.14
261401,261900,43.0,0.19
261501,262000,42.0,0.02
261601,262100,40.2,-0.28
261701,262200,37.6,-0.71
261801,262300,39.2,-0.44
261901,262400,34.6,-1.2
262001,262500,33.2,-1.43
262101,262600,33.0,-1.47
262201,262700,34.8,-1.17
262301,262800,33.4,-1.4
262401,262900,35.2,-1.1
262501,263000,34.4,-1.24
262601,263100,34.4,-1.24
262701,263200,35.0,-1.14
262801,263300,36.4,-0.9
262901,263400,37.6,-0.71
263001,263500,37.2,-0.77
263101,263600,36.8,-0.84
263201,263700,38.8,-0.51
263301,263800,41.2,-0.11
263401,263900,42.2,0.06
263501,264000,43.4,0.25
263601,264100,44.6,0.45
263701,264200,42.6,0.12
263801,264300,40.4,-0.24
263901,264400,37.4,-0.74
264001,264500,36.0,-0.97
264101,264600,36.6,-0.87
264201,264700,37.0,-0.81
264301,264800,36.2,-0.94
264401,264900,37.2,-0.77
264501,265000,42.6,0.12
264601,265100,42.4,0.09
264701,265200,42.4,0.09
264801,265300,42.2,0.06
264901,265400,40.0,-0.31
265001,265500,35.4,-1.07
265101,265600,32.0,-1.63
265201,265700,36.0,-0.97
265301,265800,39.0,-0.47
265401,265900,42.8,0.15
265501,266000,44.2,0.39
265601,266100,46.4,0.75
265701,266200,41.6,-0.04
265801,266300,38.0,-0.64
265901,266400,36.6,-0.87
266001,266500,38.0,-0.64
266101,266600,41.4,-0.08
266201,266700,43.0,0.19
266301,266800,42.6,0.12
266401,266900,41.4,-0.08
266501,267000,37.8,-0.67
266601,267100,33.8,-1.33
266701,267200,33.2,-1.43
266801,267300,36.2,-0.94
266901,267400,41.2,-0.11
267001,267500,46.8,0.82
267101,267600,49.2,1.21
267201,267700,49.8,1.31
267301,267800,47.0,0.85
267401,267900,43.4,0.25
267501,268000,37.6,-0.71
267601,268100,35.6,-1.04
267701,268200,37.2,-0.77
267801,268300,39.0,-0.47
267901,268400,39.0,-0.47
268001,268500,43.6,0.29
268101,268600,44.8,0.49
268201,268700,42.8,0.15
268301,268800,43.0,0.19
268401,268900,40.0,-0.31
268501,269000,34.8,-1.17
268601,269100,32.0,-1.63
268701,269200,35.4,-1.07
268801,269300,35.2,-1.1
268901,269400,38.8,-0.51
269001,269500,42.4,0.09
269101,269600,48.2,1.05
269201,269700,44.8,0.49
269301,269800,46.0,0.68
269401,269900,46.6,0.78
269501,270000,48.0,1.02
269601,270100,48.2,1.05
269701,270200,46.8,0.82
269801,270300,47.8,0.98
269901,270400,46.8,0.82
270001,270500,45.2,0.55
270101,270600,44.2,0.39
270201,270700,48.2,1.05
270301,270800,47.2,0.88
270401,270900,45.6,0.62
270501,271000,46.0,0.68
270601,271100,43.0,0.19
270701,271200,42.0,0.02
270801,271300,41.0,-0.14
270901,271400,39.8,-0.34
271001,271500,39.8,-0.34
271101,271600,41.0,-0.14
271201,271700,41.0,-0.14
271301,271800,44.4,0.42
271401,271900,47.6,0.95
271501,272000,46.6,0.78
271601,272100,45.2,0.55
271701,272200,44.4,0.42
271801,272300,41.0,-0.14
271901,272400,39.0,-0.47
272001,272500,41.2,-0.11
272101,272600,43.4,0.25
272201,272700,40.2,-0.28
272301,272800,39.4,-0.41
272401,272900,40.0,-0.31
272501,273000,38.2,-0.61
272601,273100,37.2,-0.77
272701,273200,39.6,-0.38
272801,273300,41.4,-0.08
272901,273400,42.8,0.15
273001,273500,41.0,-0.14
273101,273600,40.8,-0.18
273201,273700,41.4,-0.08
273301,273800,39.6,-0.38
273401,273900,38.4,-0.57
273501,274000,39.0,-0.47
273601,274100,36.2,-0.94
273701,274200,34.6,-1.2
273801,274300,34.6,-1.2
273901,274400,35.4,-1.07
274001,274500,34.2,-1.27
274101,274600,39.6,-0.38
274201,274700,43.2,0.22
274301,274800,44.4,0.42
274401,274900,46.4,0.75
274501,275000,49.0,1.18
274601,275100,47.6,0.95
274701,275200,46.6,0.78
274801,275300,44.4,0.42
274901,275400,41.4,-0.08
275001,275500,43.2,0.22
275101,275600,43.0,0.19
275201,275700,40.6,-0.21
275301,275800,41.2,-0.11
275401,275900,42.4,0.09
275501,276000,39.2,-0.44
275601,276100,37.8,-0.67
275701,276200,40.2,-0.28
275801,276300,41.0,-0.14
275901,276400,39.4,-0.41
276001,276500,38.6,-0.54
276101,276600,37.6,-0.71
276201,276700,33.8,-1.33
276301,276800,31.0,-1.8
276401,276900,33.2,-1.43
276501,277000,35.6,-1.04
276601,277100,37.8,-0.67
276701,277200,42.4,0.09
276801,277300,47.2,0.88
276901,277400,45.4,0.58
277001,277500,43.0,0.19
277101,277600,40.8,-0.18
277201,277700,37.4,-0.74
277301,277800,36.0,-0.97
277401,277900,35.0,-1.14
277501,278000,37.4,-0.74
277601,278100,40.4,-0.24
277701,278200,42.8,0.15
277801,278300,44.2,0.39
277901,278400,47.6,0.95
278001,278500,47.2,0.88
278101,278600,44.6,0.45
278201,278700,42.0,0.02
278301,278800,40.0,-0.31
278401,278900,37.0,-0.81
278501,279000,36.2,-0.94
278601,279100,36.6,-0.87
278701,279200,37.6,-0.71
278801,279300,38.0,-0.64
278901,279400,39.4,-0.41
279001,279500,37.2,-0.77
279101,279600,39.4,-0.41
279201,279700,40.2,-0.28
279301,279800,39.6,-0.38
279401,279900,39.0,-0.47
279501,280000,41.2,-0.11
279601,280100,39.6,-0.38
279701,280200,38.6,-0.54
279801,280300,39.6,-0.38
279901,280400,40.6,-0.21
280001,280500,43.2,0.22
280101,280600,46.2,0.72
280201,280700,48.2,1.05
280301,280800,47.6,0.95
280401,280900,46.4,0.75
280501,281000,46.2,0.72
280601,281100,43.2,0.22
280701,281200,42.2,0.06
280801,281300,40.6,-0.21
280901,281400,43.2,0.22
281001,281500,43.0,0.19
281101,281600,45.2,0.55
281201,281700,44.6,0.45
281301,281800,44.8,0.49
281401,281900,40.8,-0.18
281501,282000,35.2,-1.1
281601,282100,30.4,-1.9
281701,282200,28.6,-2.2
281801,282300,28.0,-2.29
281901,282400,28.0,-2.29
282001,282500,31.4,-1.73
282101,282600,37.2,-0.77
282201,282700,38.0,-0.64
282301,282800,39.6,-0.38
282401,282900,42.0,0.02
282501,283000,42.2,0.06
282601,283100,39.8,-0.34
282701,283200,40.6,-0.21
282801,283300,42.8,0.15
282901,283400,43.6,0.29
283001,283500,47.4,0.92
283101,283600,48.6,1.11
283201,283700,49.6,1.28
283301,283800,48.0,1.02
283401,283900,49.0,1.18
283501,284000,47.2,0.88
283601,284100,44.4,0.42
283701,284200,44.8,0.49
283801,284300,47.4,0.92
283901,284400,46.6,0.78
284001,284500,45.0,0.52
284101,284600,45.6,0.62
284201,284700,43.8,0.32
284301,284800,41.0,-0.14
284401,284900,36.6,-0.87
284501,285000,33.2,-1.43
284601,285100,31.8,-1.67
284701,285200,31.2,-1.77
284801,285300,30.4,-1.9
284901,285400,36.2,-0.94
285001,285500,41.2,-0.11
285101,285600,43.4,0.25
285201,285700,47.8,0.98
285301,285800,48.2,1.05
285401,285900,46.0,0.68
285501,286000,44.0,0.35
285601,286100,43.6,0.29
285701,286200,39.4,-0.41
285801,286300,39.6,-0.38
285901,286400,37.4,-0.74
286001,286500,36.6,-0.87
286101,286600,34.8,-1.17
286201,286700,37.2,-0.77
286301,286800,39.2,-0.44
286401,286900,40.4,-0.24
286501,287000,43.4,0.25
286601,287100,47.6,0.95
286701,287200,48.2,1.05
286801,287300,46.0,0.68
286901,287400,46.8,0.82
287001,287500,44.8,0.49
287101,287600,43.0,0.19
287201,287700,42.8,0.15
287301,287800,45.4,0.58
287401,287900,46.0,0.68
287501,288000,46.4,0.75
287601,288100,44.4,0.42
287701,288200,44.8,0.49
287801,288300,42.6,0.12
287901,288400,40.2,-0.28
288001,288500,39.8,-0.34
288101,288600,42.6,0.12
288201,288700,43.0,0.19
288301,288800,44.2,0.39
288401,288900,44.0,0.35
288501,289000,43.0,0.19
288601,289100,42.0,0.02
288701,289200,38.2,-0.61
288801,289300,35.4,-1.07
288901,289400,37.0,-0.81
289001,289500,37.4,-0.74
289101,289600,38.0,-0.64
289201,289700,38.6,-0.54
289301,289800,41.0,-0.14
289401,289900,42.8,0.15
289501,290000,42.6,0.12
289601,290100,41.0,-0.14
289701,290200,40.8,-0.18
289801,290300,39.8,-0.34
289901,290400,38.0,-0.64
290001,290500,41.0,-0.14
290101,290600,42.0,0.02
290201,290700,43.2,0.22
290301,290800,43.2,0.22
290401,290900,41.8,-0.01
290501,291000,36.6,-0.87
290601,291100,35.2,-1.1
290701,291200,36.2,-0.94
290801,291300,36.0,-0.97
290901,291400,37.0,-0.81
291001,291500,37.4,-0.74
291101,291600,41.0,-0.14
291201,291700,42.0,0.02
291301,291800,45.4,0.58
291401,291900,44.8,0.49
291501,292000,47.8,0.98
291601,292100,44.2,0.39
291701,292200,41.2,-0.11
291801,292300,37.4,-0.74
291901,292400,37.2,-0.77
292001,292500,37.6,-0.71
292101,292600,37.4,-0.74
292201,292700,36.8,-0.84
292301,292800,36.6,-0.87
292401,292900,38.4,-0.57
292501,293000,39.0,-0.47
292601,293100,41.8,-0.01
292701,293200,47.0,0.85
292801,293300,47.4,0.92
292901,293400,44.8,0.49
293001,293500,41.4,-0.08
293101,293600,38.8,-0.51
293201,293700,33.4,-1.4
293301,293800,32.0,-1.63
293401,293900,32.0,-1.63
293501,294000,35.6,-1.04
293601,294100,37.4,-0.74
293701,294200,39.8,-0.34
293801,294300,40.0,-0.31
293901,294400,43.0,0.19
294001,294500,41.8,-0.01
294101,294600,40.2,-0.28
294201,294700,37.6,-0.71
294301,294800,37.2,-0.77
294401,294900,34.2,-1.27
294501,295000,33.6,-1.37
294601,295100,34.4,-1.24
294701,295200,36.0,-0.97
294801,295300,41.6,-0.04
294901,295400,45.6,0.62
295001,295500,47.2,0.88
295101,295600,47.8,0.98
295201,295700,49.0,1.18
295301,295800,46.2,0.72
295401,295900,46.6,0.78
295501,296000,45.6,0.62
295601,296100,47.6,0.95
295701,296200,48.8,1.15
295801,296300,51.2,1.54
295901,296400,48.6,1.11
296001,296500,47.8,0.98
296101,296600,42.6,0.12
296201,296700,40.6,-0.21
296301,296800,35.8,-1.0
296401,296900,37.4,-0.74
296501,297000,38.6,-0.54
296601,297100,43.8,0.32
296701,297200,44.2,0.39
296801,297300,45.6,0.62
296901,297400,47.4,0.92
297001,297500,50.0,1.35
297101,297600,49.0,1.18
297201,297700,49.6,1.28
297301,297800,50.4,1.41
297401,297900,48.2,1.05
297501,298000,44.0,0.35
297601,298100,43.2,0.22
297701,298200,44.0,0.35
297801,298300,43.0,0.19
297901,298400,43.6,0.29
298001,298500,46.4,0.75
298101,298600,46.6,0.78
298201,298700,46.0,0.68
298301,298800,47.8,0.98
298401,298900,46.4,0.75
298501,299000,43.6,0.29
298601,299100,41.6,-0.04
298701,299200,42.2,0.06
298801,299300,42.6,0.12
298901,299400,43.8,0.32
299001,299500,44.4,0.42
299101,299600,46.6,0.78
299201,299700,46.4,0.75
299301,299800,45.4,0.58
299401,299900,45.0,0.52
299501,300000,46.6,0.78
299601,300100,46.6,0.78
299701,300200,46.6,0.78
299801,300300,48.2,1.05
299901,300400,48.8,1.15
300001,300500,48.8,1.15
300101,300600,46.8,0.82
300201,300700,46.6,0.78
300301,300800,44.8,0.49
300401,300900,44.8,0.49
300501,301000,44.2,0.39
300601,301100,45.4,0.58
300701,301200,45.8,0.65
300801,301300,46.0,0.68
300901,301400,46.0,0.68
301001,301500,47.0,0.85
301101,301600,46.8,0.82
301201,301700,46.8,0.82
301301,301800,48.2,1.05
301401,301900,48.2,1.05
301501,302000,47.4,0.92
301601,302100,47.0,0.85
301701,302200,45.6,0.62
301801,302300,44.2,0.39
301901,302400,43.8,0.32
302001,302500,45.4,0.58
302101,302600,48.6,1.11
302201,302700,51.6,1.61
302301,302800,51.8,1.64
302401,302900,52.4,1.74
302501,303000,51.2,1.54
302601,303100,49.4,1.25
302701,303200,45.6,0.62
302801,303300,46.8,0.82
302901,303400,45.0,0.52
303001,303500,44.8,0.49
303101,303600,44.8,0.49
303201,303700,46.6,0.78
303301,303800,44.8,0.49
303401,303900,44.4,0.42
303501,304000,44.0,0.35
303601,304100,43.6,0.29
303701,304200,44.2,0.39
303801,304300,44.8,0.49
303901,304400,43.8,0.32
304001,304500,44.4,0.42
304101,304600,45.2,0.55
304201,304700,42.6,0.12
304301,304800,43.8,0.32
304401,304900,46.4,0.75
304501,305000,48.4,1.08
304601,305100,49.0,1.18
304701,305200,50.4,1.41
304801,305300,51.2,1.54
304901,305400,52.0,1.68
305001,305500,50.6,1.45
305101,305600,48.6,1.11
305201,305700,48.2,1.05
305301,305800,45.0,0.52
305401,305900,41.6,-0.04
305501,306000,40.2,-0.28
305601,306100,40.8,-0.18
305701,306200,39.8,-0.34
305801,306300,38.4,-0.57
305901,306400,40.4,-0.24
306001,306500,41.4,-0.08
306101,306600,40.2,-0.28
306201,306700,37.8,-0.67
306301,306800,39.8,-0.34
306401,306900,37.8,-0.67
306501,307000,37.2,-0.77
306601,307100,39.0,-0.47
306701,307200,42.8,0.15
306801,307300,42.6,0.12
306901,307400,43.8,0.32
307001,307500,44.4,0.42
307101,307600,46.2,0.72
307201,307700,43.2,0.22
307301,307800,43.4,0.25
307401,307900,41.6,-0.04
307501,308000,37.6,-0.71
307601,308100,38.2,-0.61
307701,308200,42.4,0.09
307801,308300,44.2,0.39
307901,308400,44.8,0.49
308001,308500,44.4,0.42
308101,308600,38.4,-0.57
308201,308700,33.2,-1.43
308301,308800,30.4,-1.9
308401,308900,31.2,-1.77
308501,309000,33.2,-1.43
308601,309100,33.6,-1.37
308701,309200,35.0,-1.14
308801,309300,36.2,-0.94
308901,309400,37.2,-0.77
309001,309500,39.4,-0.41
309101,309600,40.4,-0.24
309201,309700,40.0,-0.31
309301,309800,42.2,0.06
309401,309900,44.2,0.39
309501,310000,46.0,0.68
309601,310100,50.4,1.41
309701,310200,51.4,1.58
309801,310300,50.2,1.38
309901,310400,47.4,0.92
310001,310500,45.4,0.58
310101,310600,43.8,0.32
310201,310700,45.6,0.62
310301,310800,44.6,0.45
310401,310900,45.0,0.52
310501,311000,45.0,0.52
310601,311100,43.8,0.32
310701,311200,42.2,0.06
310801,311300,41.6,-0.04
310901,311400,40.0,-0.31
311001,311500,36.4,-0.9
311101,311600,34.4,-1.24
311201,311700,32.6,-1.53
311301,311800,31.0,-1.8
311401,311900,32.4,-1.57
311501,312000,33.2,-1.43
311601,312100,33.4,-1.4
311701,312200,33.6,-1.37
311801,312300,36.0,-0.97
311901,312400,35.4,-1.07
312001,312500,37.8,-0.67
312101,312600,38.0,-0.64
312201,312700,41.8,-0.01
312301,312800,41.8,-0.01
312401,312900,42.4,0.09
312501,313000,40.0,-0.31
312601,313100,40.0,-0.31
312701,313200,41.8,-0.01
312801,313300,43.8,0.32
312901,313400,44.6,0.45
313001,313500,46.4,0.75
313101,313600,45.4,0.58
313201,313700,40.8,-0.18
313301,313800,37.4,-0.74
313401,313900,40.0,-0.31
313501,314000,40.8,-0.18
313601,314100,44.0,0.35
313701,314200,48.0,1.02
313801,314300,45.4,0.58
313901,314400,41.8,-0.01
314001,314500,39.8,-0.34
314101,314600,37.2,-0.77
314201,314700,33.8,-1.33
314301,314800,34.6,-1.2
314401,314900,33.0,-1.47
314501,315000,35.0,-1.14
314601,315100,36.0,-0.97
314701,315200,36.0,-0.97
314801,315300,38.4,-0.57
314901,315400,40.6,-0.21
315001,315500,40.0,-0.31
315101,315600,39.4,-0.41
315201,315700,39.8,-0.34
315301,315800,42.6,0.12
315401,315900,43.2,0.22
315501,316000,39.6,-0.38
315601,316100,41.6,-0.04
315701,316200,39.8,-0.34
315801,316300,34.6,-1.2
315901,316400,31.6,-1.7
316001,316500,34.8,-1.17
316101,316600,34.2,-1.27
316201,316700,36.2,-0.94
316301,316800,36.6,-0.87
316401,316900,38.6,-0.54
316501,317000,38.0,-0.64
316601,317100,37.4,-0.74
316701,317200,37.8,-0.67
316801,317300,41.4,-0.08
316901,317400,42.4,0.09
317001,317500,47.4,0.92
317101,317600,49.8,1.31
317201,317700,50.0,1.35
317301,317800,47.0,0.85
317401,317900,43.6,0.29
317501,318000,38.4,-0.57
317601,318100,32.6,-1.53
317701,318200,31.0,-1.8
317801,318300,29.2,-2.1
317901,318400,34.6,-1.2
318001,318500,37.8,-0.67
318101,318600,44.2,0.39
318201,318700,48.0,1.02
318301,318800,51.4,1.58
318401,318900,46.4,0.75
318501,319000,42.0,0.02
318601,319100,37.8,-0.67
318701,319200,36.8,-0.84
318801,319300,36.8,-0.84
318901,319400,38.4,-0.57
319001,319500,39.4,-0.41
319101,319600,38.8,-0.51
319201,319700,35.2,-1.1
319301,319800,34.0,-1.3
319401,319900,32.6,-1.53
319501,320000,32.4,-1.57
319601,320100,32.8,-1.5
319701,320200,35.8,-1.0
319801,320300,36.6,-0.87
319901,320400,41.6,-0.04
320001,320500,46.0,0.68
320101,320600,48.8,1.15
320201,320700,47.2,0.88
320301,320800,47.8,0.98
320401,320900,45.6,0.62
320501,321000,42.8,0.15
320601,321100,39.4,-0.41
320701,321200,38.6,-0.54
320801,321300,40.2,-0.28
320901,321400,40.6,-0.21
321001,321500,44.6,0.45
321101,321600,48.0,1.02
321201,321700,51.2,1.54
321301,321800,47.2,0.88
321401,321900,42.4,0.09
321501,322000,37.8,-0.67
321601,322100,40.4,-0.24
321701,322200,40.6,-0.21
321801,322300,40.8,-0.18
321901,322400,44.2,0.39
322001,322500,43.2,0.22
322101,322600,39.2,-0.44
322201,322700,37.0,-0.81
322301,322800,36.2,-0.94
322401,322900,36.2,-0.94
322501,323000,36.0,-0.97
322601,323100,32.6,-1.53
322701,323200,33.8,-1.33
322801,323300,40.4,-0.24
322901,323400,41.8,-0.01
323001,323500,45.4,0.58
323101,323600,50.4,1.41
323201,323700,49.0,1.18
323301,323800,43.2,0.22
323401,323900,41.0,-0.14
323501,324000,40.8,-0.18
323601,324100,41.8,-0.01
323701,324200,45.0,0.52
323801,324300,48.4,1.08
323901,324400,50.8,1.48
324001,324500,50.8,1.48
324101,324600,50.0,1.35
324201,324700,49.4,1.25
324301,324800,50.4,1.41
324401,324900,51.4,1.58
324501,325000,50.6,1.45
324601,325100,46.2,0.72
324701,325200,43.2,0.22
324801,325300,43.0,0.19
324901,325400,42.0,0.02
325001,325500,44.6,0.45
325101,325600,48.4,1.08
325201,325700,49.8,1.31
325301,325800,51.2,1.54
325401,325900,50.8,1.48
325501,326000,50.0,1.35
325601,326100,49.8,1.31
325701,326200,50.8,1.48
325801,326300,48.4,1.08
325901,326400,48.6,1.11
326001,326500,47.0,0.85
326101,326600,46.6,0.78
326201,326700,44.2,0.39
326301,326800,42.6,0.12
326401,326900,40.8,-0.18
326501,327000,37.4,-0.74
326601,327100,35.6,-1.04
326701,327200,37.6,-0.71
326801,327300,36.8,-0.84
326901,327400,36.8,-0.84
327001,327500,37.8,-0.67
327101,327600,40.6,-0.21
327201,327700,43.8,0.32
327301,327800,44.2,0.39
327401,327900,44.6,0.45
327501,328000,48.0,1.02
327601,328100,45.8,0.65
327701,328200,41.0,-0.14
327801,328300,40.6,-0.21
327901,328400,37.8,-0.67
328001,328500,35.0,-1.14
328101,328600,34.2,-1.27
328201,328700,35.4,-1.07
328301,328800,34.0,-1.3
328401,328900,37.0,-0.81
328501,329000,35.4,-1.07
328601,329100,35.4,-1.07
328701,329200,35.6,-1.04
328801,329300,38.8,-0.51
328901,329400,37.2,-0.77
329001,329500,39.4,-0.41
329101,329600,42.0,0.02
329201,329700,40.2,-0.28
329301,329800,40.6,-0.21
329401,329900,39.6,-0.38
329501,330000,38.8,-0.51
329601,330100,36.6,-0.87
329701,330200,37.6,-0.71
329801,330300,35.6,-1.04
329901,330400,41.4,-0.08
330001,330500,43.2,0.22
330101,330600,42.8,0.15
330201,330700,43.8,0.32
330301,330800,46.8,0.82
330401,330900,43.2,0.22
330501,331000,41.0,-0.14
330601,331100,42.6,0.12
330701,331200,40.2,-0.28
330801,331300,40.2,-0.28
330901,331400,40.4,-0.24
331001,331500,42.2,0.06
331101,331600,43.2,0.22
331201,331700,46.4,0.75
331301,331800,45.6,0.62
331401,331900,47.8,0.98
331501,332000,50.0,1.35
331601,332100,46.6,0.78
331701,332200,44.6,0.45
331801,332300,44.4,0.42
331901,332400,46.0,0.68
332001,332500,45.8,0.65
332101,332600,51.0,1.51
332201,332700,52.0,1.68
332301,332800,53.8,1.97
332401,332900,49.4,1.25
332501,333000,45.6,0.62
332601,333100,44.2,0.39
332701,333200,46.2,0.72
332801,333300,46.4,0.75
332901,333400,47.4,0.92
333001,333500,46.4,0.75
333101,333600,46.2,0.72
333201,333700,44.4,0.42
333301,333800,42.4,0.09
333401,333900,42.0,0.02
333501,334000,44.2,0.39
333601,334100,43.4,0.25
333701,334200,43.4,0.25
333801,334300,43.4,0.25
333901,334400,46.2,0.72
334001,334500,48.4,1.08
334101,334600,48.0,1.02
334201,334700,48.0,1.02
334301,334800,47.6,0.95
334401,334900,47.8,0.98
334501,335000,47.0,0.85
334601,335100,48.2,1.05
334701,335200,50.0,1.35
334801,335300,48.2,1.05
334901,335400,47.0,0.85
335001,335500,47.0,0.85
335101,335600,46.0,0.68
335201,335700,46.4,0.75
335301,335800,48.2,1.05
335401,335900,45.2,0.55
335501,336000,43.4,0.25
335601,336100,43.4,0.25
335701,336200,40.6,-0.21
335801,336300,39.8,-0.34
335901,336400,39.8,-0.34
336001,336500,41.0,-0.14
336101,336600,42.8,0.15
336201,336700,44.8,0.49
336301,336800,46.2,0.72
336401,336900,48.6,1.11
336501,337000,48.8,1.15
336601,337100,49.0,1.18
336701,337200,49.2,1.21
336801,337300,49.4,1.25
336901,337400,49.8,1.31
337001,337500,48.6,1.11
337101,337600,46.0,0.68
337201,337700,44.0,0.35
337301,337800,43.0,0.19
337401,337900,45.4,0.58
337501,338000,46.4,0.75
337601,338100,48.2,1.05
337701,338200,46.8,0.82
337801,338300,46.4,0.75
337901,338400,43.2,0.22
338001,338500,41.2,-0.11
338101,338600,37.6,-0.71
338201,338700,39.8,-0.34
338301,338800,40.0,-0.31
338401,338900,40.2,-0.28
338501,339000,42.8,0.15
338601,339100,45.0,0.52
338701,339200,46.4,0.75
338801,339300,46.8,0.82
338901,339400,47.0,0.85
339001,339500,43.8,0.32
339101,339600,44.4,0.42
339201,339700,43.0,0.19
339301,339800,44.2,0.39
339401,339900,45.2,0.55
339501,340000,46.8,0.82
339601,340100,44.8,0.49
339701,340200,42.2,0.06
339801,340300,40.0,-0.31
339901,340400,38.2,-0.61
340001,340500,39.6,-0.38
340101,340600,38.8,-0.51
340201,340700,39.8,-0.34
340301,340800,39.2,-0.44
340401,340900,38.0,-0.64
340501,341000,36.4,-0.9
340601,341100,37.8,-0.67
340701,341200,37.6,-0.71
340801,341300,40.2,-0.28
340901,341400,40.0,-0.31
341001,341500,42.0,0.02
341101,341600,45.4,0.58
341201,341700,48.8,1.15
341301,341800,50.8,1.48
341401,341900,54.2,2.04
341501,342000,51.4,1.58
341601,342100,44.8,0.49
341701,342200,39.4,-0.41
341801,342300,38.8,-0.51
341901,342400,35.8,-1.0
342001,342500,37.8,-0.67
342101,342600,41.8,-0.01
342201,342700,42.8,0.15
342301,342800,43.0,0.19
342401,342900,42.6,0.12
342501,343000,41.4,-0.08
342601,343100,41.2,-0.11
342701,343200,42.8,0.15
342801,343300,37.4,-0.74
342901,343400,38.8,-0.51
343001,343500,38.8,-0.51
343101,343600,39.2,-0.44
343201,343700,39.4,-0.41
343301,343800,44.4,0.42
343401,343900,46.0,0.68
343501,344000,50.6,1.45
343601,344100,48.4,1.08
343701,344200,49.8,1.31
343801,344300,47.2,0.88
343901,344400,48.2,1.05
344001,344500,42.4,0.09
344101,344600,42.4,0.09
344201,344700,41.6,-0.04
344301,344800,41.4,-0.08
344401,344900,35.4,-1.07
344501,345000,36.8,-0.84
344601,345100,38.8,-0.51
344701,345200,34.4,-1.24
344801,345300,31.4,-1.73
344901,345400,32.8,-1.5
345001,345500,33.0,-1.47
345101,345600,33.8,-1.33
345201,345700,36.6,-0.87
345301,345800,41.2,-0.11
345401,345900,45.4,0.58
345501,346000,48.4,1.08
345601,346100,49.6,1.28
345701,346200,53.6,1.94
345801,346300,49.2,1.21
345901,346400,44.8,0.49
346001,346500,40.6,-0.21
346101,346600,35.4,-1.07
346201,346700,31.4,-1.73
346301,346800,33.8,-1.33
346401,346900,34.4,-1.24
346501,347000,35.6,-1.04
346601,347100,37.6,-0.71
346701,347200,39.2,-0.44
346801,347300,40.2,-0.28
346901,347400,42.0,0.02
347001,347500,40.2,-0.28
347101,347600,39.4,-0.41
347201,347700,38.2,-0.61
347301,347800,38.0,-0.64
347401,347900,37.8,-0.67
347501,348000,39.4,-0.41
347601,348100,40.8,-0.18
347701,348200,40.4,-0.24
347801,348300,38.8,-0.51
347901,348400,37.4,-0.74
348001,348500,37.2,-0.77
348101,348600,41.2,-0.11
348201,348700,42.2,0.06
348301,348800,42.6,0.12
348401,348900,44.6,0.45
348501,349000,43.6,0.29
348601,349100,39.2,-0.44
348701,349200,38.0,-0.64
348801,349300,38.6,-0.54
348901,349400,36.0,-0.97
349001,349500,37.2,-0.77
349101,349600,36.4,-0.9
349201,349700,36.6,-0.87
349301,349800,38.2,-0.61
349401,349900,40.0,-0.31
349501,350000,38.6,-0.54
349601,350100,40.0,-0.31
349701,350200,37.0,-0.81
349801,350300,33.2,-1.43
349901,350400,33.2,-1.43
350001,350500,36.4,-0.9
350101,350600,39.4,-0.41
350201,350700,44.0,0.35
350301,350800,45.6,0.62
350401,350900,43.2,0.22
350501,351000,41.2,-0.11
350601,351100,38.8,-0.51
350701,351200,37.8,-0.67
350801,351300,39.6,-0.38
350901,351400,46.0,0.68
351001,351500,47.6,0.95
351101,351600,49.8,1.31
351201,351700,51.8,1.64
351301,351800,49.4,1.25
351401,351900,47.0,0.85
351501,352000,47.4,0.92
351601,352100,47.6,0.95
351701,352200,43.4,0.25
351801,352300,45.0,0.52
351901,352400,41.6,-0.04
352001,352500,38.8,-0.51
352101,352600,36.8,-0.84
352201,352700,41.4,-0.08
352301,352800,38.4,-0.57
352401,352900,38.6,-0.54
352501,353000,38.8,-0.51
352601,353100,36.8,-0.84
352701,353200,33.6,-1.37
352801,353300,37.0,-0.81
352901,353400,41.4,-0.08
353001,353500,44.8,0.49
353101,353600,46.8,0.82
353201,353700,50.0,1.35
353301,353800,51.2,1.54
353401,353900,47.8,0.98
353501,354000,44.0,0.35
353601,354100,43.8,0.32
353701,354200,39.4,-0.41
353801,354300,36.2,-0.94
353901,354400,37.2,-0.77
354001,354500,37.0,-0.81
354101,354600,38.0,-0.64
354201,354700,40.6,-0.21
354301,354800,41.8,-0.01
354401,354900,39.4,-0.41
354501,355000,38.6,-0.54
354601,355100,36.2,-0.94
354701,355200,32.6,-1.53
354801,355300,31.4,-1.73
354901,355400,33.0,-1.47
355001,355500,34.6,-1.2
355101,355600,38.6,-0.54
355201,355700,41.4,-0.08
355301,355800,45.0,0.52
355401,355900,46.2,0.72
355501,356000,47.2,0.88
355601,356100,44.2,0.39
355701,356200,44.4,0.42
355801,356300,41.4,-0.08
355901,356400,40.6,-0.21
356001,356500,40.8,-0.18
356101,356600,39.8,-0.34
356201,356700,44.2,0.39
356301,356800,48.0,1.02
356401,356900,50.6,1.45
356501,357000,52.4,1.74
356601,357100,55.6,2.27
356701,357200,50.6,1.45
356801,357300,46.6,0.78
356901,357400,45.2,0.55
357001,357500,41.2,-0.11
357101,357600,37.0,-0.81
357201,357700,37.6,-0.71
357301,357800,39.2,-0.44
357401,357900,41.2,-0.11
357501,358000,43.6,0.29
357601,358100,46.2,0.72
357701,358200,46.4,0.75
357801,358300,47.0,0.85
357901,358400,43.6,0.29
358001,358500,40.6,-0.21
358101,358600,40.2,-0.28
358201,358700,42.6,0.12
358301,358800,43.4,0.25
358401,358900,44.0,0.35
358501,359000,45.8,0.65
358601,359100,43.6,0.29
358701,359200,38.2,-0.61
358801,359300,35.8,-1.0
358901,359400,37.4,-0.74
359001,359500,38.8,-0.51
359101,359600,41.4,-0.08
359201,359700,44.0,0.35
359301,359800,42.6,0.12
359401,359900,41.2,-0.11
359501,360000,43.4,0.25
359601,360100,42.0,0.02
359701,360200,43.0,0.19
359801,360300,47.2,0.88
359901,360400,46.2,0.72
360001,360500,39.8,-0.34
360101,360600,40.4,-0.24
360201,360700,39.8,-0.34
360301,360800,36.4,-0.9
360401,360900,36.4,-0.9
360501,361000,40.2,-0.28
360601,361100,42.8,0.15
360701,361200,45.6,0.62
360801,361300,46.2,0.72
360901,361400,48.0,1.02
361001,361500,50.8,1.48
361101,361600,49.4,1.25
361201,361700,49.4,1.25
361301,361800,51.6,1.61
361401,361900,52.8,1.81
361501,362000,49.0,1.18
361601,362100,48.8,1.15
361701,362200,46.0,0.68
361801,362300,44.0,0.35
361901,362400,41.6,-0.04
362001,362500,43.8,0.32
362101,362600,43.2,0.22
362201,362700,42.2,0.06
362301,362800,39.8,-0.34
362401,362900,39.4,-0.41
362501,363000,35.6,-1.04
362601,363100,33.0,-1.47
362701,363200,33.0,-1.47
362801,363300,37.0,-0.81
362901,363400,37.0,-0.81
363001,363500,38.6,-0.54
363101,363600,41.8,-0.01
363201,363700,41.4,-0.08
363301,363800,40.4,-0.24
363401,363900,39.8,-0.34
363501,364000,43.6,0.29
363601,364100,44.2,0.39
363701,364200,45.6,0.62
363801,364300,43.6,0.29
363901,364400,44.2,0.39
364001,364500,41.2,-0.11
364101,364600,40.4,-0.24
364201,364700,38.6,-0.54
364301,364800,42.0,0.02
364401,364900,40.8,-0.18
364501,365000,36.4,-0.9
364601,365100,35.2,-1.1
364701,365200,36.2,-0.94
364801,365300,34.0,-1.3
364901,365400,36.8,-0.84
365001,365500,41.0,-0.14
365101,365600,43.6,0.29
365201,365700,46.2,0.72
365301,365800,46.2,0.72
365401,365900,43.6,0.29
365501,366000,42.4,0.09
365601,366100,40.2,-0.28
365701,366200,35.2,-1.1
365801,366300,39.0,-0.47
365901,366400,41.6,-0.04
366001,366500,41.2,-0.11
366101,366600,41.8,-0.01
366201,366700,45.4,0.58
366301,366800,39.6,-0.38
366401,366900,36.6,-0.87
366501,367000,35.6,-1.04
366601,367100,31.2,-1.77
366701,367200,29.2,-2.1
366801,367300,33.0,-1.47
366901,367400,34.2,-1.27
367001,367500,36.2,-0.94
367101,367600,38.8,-0.51
367201,367700,41.6,-0.04
367301,367800,39.8,-0.34
367401,367900,39.6,-0.38
367501,368000,39.8,-0.34
367601,368100,40.6,-0.21
367701,368200,40.4,-0.24
367801,368300,37.8,-0.67
367901,368400,36.2,-0.94
368001,368500,35.4,-1.07
368101,368600,36.4,-0.9
368201,368700,36.8,-0.84
368301,368800,41.0,-0.14
368401,368900,47.2,0.88
368501,369000,48.0,1.02
368601,369100,47.2,0.88
368701,369200,46.2,0.72
368801,369300,46.6,0.78
368901,369400,44.4,0.42
369001,369500,46.6,0.78
369101,369600,49.8,1.31
369201,369700,51.2,1.54
369301,369800,50.8,1.48
369401,369900,47.2,0.88
369501,370000,44.2,0.39
369601,370100,41.8,-0.01
369701,370200,39.0,-0.47
369801,370300,33.2,-1.43
369901,370400,38.4,-0.57
370001,370500,40.2,-0.28
370101,370600,42.2,0.06
370201,370700,44.6,0.45
370301,370800,50.0,1.35
370401,370900,46.6,0.78
370501,371000,46.0,0.68
370601,371100,44.6,0.45
370701,371200,43.8,0.32
370801,371300,43.4,0.25
370901,371400,44.0,0.35
371001,371500,41.8,-0.01
371101,371600,41.2,-0.11
371201,371700,41.4,-0.08
371301,371800,40.4,-0.24
371401,371900,40.6,-0.21
371501,372000,42.4,0.09
371601,372100,40.6,-0.21
371701,372200,41.4,-0.08
371801,372300,44.8,0.49
371901,372400,47.8,0.98
372001,372500,48.2,1.05
372101,372600,46.0,0.68
372201,372700,44.0,0.35
372301,372800,42.2,0.06
372401,372900,38.0,-0.64
372501,373000,37.6,-0.71
372601,373100,40.8,-0.18
372701,373200,40.2,-0.28
372801,373300,41.8,-0.01
372901,373400,44.2,0.39
373001,373500,45.4,0.58
373101,373600,44.0,0.35
373201,373700,42.8,0.15
373301,373800,39.8,-0.34
373401,373900,40.0,-0.31
373501,374000,40.6,-0.21
373601,374100,43.8,0.32
373701,374200,47.2,0.88
373801,374300,49.0,1.18
373901,374400,46.8,0.82
374001,374500,46.0,0.68
374101,374600,47.2,0.88
374201,374700,44.4,0.42
374301,374800,41.4,-0.08
374401,374900,43.4,0.25
374501,375000,41.4,-0.08
374601,375100,38.2,-0.61
374701,375200,41.0,-0.14
374801,375300,42.4,0.09
374901,375400,40.2,-0.28
375001,375500,41.8,-0.01
375101,375600,41.4,-0.08
375201,375700,38.0,-0.64
375301,375800,37.0,-0.81
375401,375900,36.2,-0.94
375501,376000,39.4,-0.41
375601,376100,43.8,0.32
375701,376200,46.2,0.72
375801,376300,49.4,1.25
375901,376400,52.0,1.68
376001,376500,50.8,1.48
376101,376600,46.8,0.82
376201,376700,47.4,0.92
376301,376800,47.6,0.95
376401,376900,47.6,0.95
376501,377000,45.6,0.62
376601,377100,46.2,0.72
376701,377200,45.2,0.55
376801,377300,42.2,0.06
376901,377400,39.8,-0.34
377001,377500,40.0,-0.31
377101,377600,40.2,-0.28
377201,377700,40.0,-0.31
377301,377800,42.6,0.12
377401,377900,43.4,0.25
377501,378000,39.2,-0.44
377601,378100,36.6,-0.87
377701,378200,35.8,-1.0
377801,378300,32.6,-1.53
377901,378400,32.8,-1.5
378001,378500,39.2,-0.44
378101,378600,45.6,0.62
378201,378700,45.4,0.58
378301,378800,48.8,1.15
378401,378900,46.2,0.72
378501,379000,42.0,0.02
378601,379100,40.6,-0.21
378701,379200,43.2,0.22
378801,379300,42.8,0.15
378901,379400,48.8,1.15
379001,379500,47.2,0.88
379101,379600,42.6,0.12
379201,379700,42.2,0.06
379301,379800,42.8,0.15
379401,379900,38.6,-0.54
379501,380000,43.2,0.22
379601,380100,48.0,1.02
379701,380200,49.2,1.21
379801,380300,49.6,1.28
379901,380400,52.8,1.81
380001,380500,54.6,2.11
380101,380600,51.4,1.58
380201,380700,49.8,1.31
380301,380800,48.2,1.05
380401,380900,47.4,0.92
380501,381000,44.0,0.35
380601,381100,44.0,0.35
380701,381200,42.6,0.12
380801,381300,42.6,0.12
380901,381400,42.8,0.15
381001,381500,44.0,0.35
381101,381600,42.8,0.15
381201,381700,44.0,0.35
381301,381800,43.8,0.32
381401,381900,41.4,-0.08
381501,382000,40.6,-0.21
381601,382100,38.8,-0.51
381701,382200,39.6,-0.38
381801,382300,39.2,-0.44
381901,382400,38.6,-0.54
382001,382500,37.8,-0.67
382101,382600,40.4,-0.24
382201,382700,41.8,-0.01
382301,382800,42.4,0.09
382401,382900,45.4,0.58
382501,383000,45.0,0.52
382601,383100,45.8,0.65
382701,383200,41.8,-0.01
382801,383300,41.6,-0.04
382901,383400,42.2,0.06
383001,383500,46.8,0.82
383101,383600,47.2,0.88
383201,383700,49.2,1.21
383301,383800,50.8,1.48
383401,383900,50.2,1.38
383501,384000,50.0,1.35
383601,384100,50.0,1.35
383701,384200,49.2,1.21
383801,384300,47.4,0.92
383901,384400,46.6,0.78
384001,384500,42.6,0.12
384101,384600,41.0,-0.14
384201,384700,38.8,-0.51
384301,384800,35.6,-1.04
384401,384900,34.0,-1.3
384501,385000,35.6,-1.04
384601,385100,36.2,-0.94
384701,385200,38.4,-0.57
384801,385300,40.4,-0.24
384901,385400,38.6,-0.54
385001,385500,39.8,-0.34
385101,385600,40.4,-0.24
385201,385700,40.4,-0.24
385301,385800,39.6,-0.38
385401,385900,41.8,-0.01
385501,386000,40.2,-0.28
385601,386100,40.8,-0.18
385701,386200,39.4,-0.41
385801,386300,41.6,-0.04
385901,386400,44.2,0.39
386001,386500,46.8,0.82
386101,386600,46.8,0.82
386201,386700,47.8,0.98
386301,386800,50.0,1.35
386401,386900,47.6,0.95
386501,387000,43.8,0.32
386601,387100,41.4,-0.08
386701,387200,40.4,-0.24
386801,387300,36.0,-0.97
386901,387400,33.2,-1.43
387001,387500,32.8,-1.5
387101,387600,34.2,-1.27
387201,387700,35.8,-1.0
387301,387800,37.6,-0.71
387401,387900,41.8,-0.01
387501,388000,45.4,0.58
387601,388100,45.4,0.58
387701,388200,42.6,0.12
387801,388300,41.8,-0.01
387901,388400,43.0,0.19
388001,388500,40.6,-0.21
388101,388600,39.2,-0.44
388201,388700,44.4,0.42
388301,388800,46.8,0.82
388401,388900,44.2,0.39
388501,389000,44.4,0.42
388601,389100,47.0,0.85
388701,389200,44.6,0.45
388801,389300,44.4,0.42
388901,389400,41.0,-0.14
389001,389500,39.0,-0.47
389101,389600,38.0,-0.64
389201,389700,39.8,-0.34
389301,389800,36.2,-0.94
389401,389900,41.0,-0.14
389501,390000,40.2,-0.28
389601,390100,38.6,-0.54
389701,390200,33.4,-1.4
389801,390300,32.0,-1.63
389901,390400,30.2,-1.93
390001,390500,32.8,-1.5
390101,390600,32.6,-1.53
390201,390700,33.0,-1.47
390301,390800,32.4,-1.57
390401,390900,29.4,-2.06
390501,391000,26.0,-2.63
390601,391100,26.4,-2.56
390701,391200,28.6,-2.2
390801,391300,34.4,-1.24
390901,391400,38.4,-0.57
391001,391500,42.0,0.02
391101,391600,42.8,0.15
391201,391700,44.6,0.45
391301,391800,41.8,-0.01
391401,391900,42.4,0.09
391501,392000,42.0,0.02
391601,392100,43.8,0.32
391701,392200,44.6,0.45
391801,392300,44.2,0.39
391901,392400,43.6,0.29
392001,392500,41.8,-0.01
392101,392600,38.8,-0.51
392201,392700,34.4,-1.24
392301,392800,33.2,-1.43
392401,392900,31.2,-1.77
392501,393000,31.2,-1.77
392601,393100,30.8,-1.83
392701,393200,31.4,-1.73
392801,393300,32.4,-1.57
392901,393400,36.6,-0.87
393001,393500,39.0,-0.47
393101,393600,42.6,0.12
393201,393700,45.0,0.52
393301,393800,47.8,0.98
393401,393900,44.6,0.45
393501,394000,44.4,0.42
393601,394100,43.2,0.22
393701,394200,42.6,0.12
393801,394300,42.2,0.06
393901,394400,43.2,0.22
394001,394500,43.2,0.22
394101,394600,41.2,-0.11
394201,394700,39.8,-0.34
394301,394800,42.4,0.09
394401,394900,42.4,0.09
394501,395000,44.0,0.35
394601,395100,45.6,0.62
394701,395200,48.0,1.02
394801,395300,44.0,0.35
394901,395400,42.8,0.15
395001,395500,39.0,-0.47
395101,395600,38.0,-0.64
395201,395700,36.2,-0.94
395301,395800,37.2,-0.77
395401,395900,36.0,-0.97
395501,396000,38.2,-0.61
395601,396100,42.2,0.06
395701,396200,45.2,0.55
395801,396300,45.2,0.55
395901,396400,45.4,0.58
396001,396500,44.8,0.49
396101,396600,44.2,0.39
396201,396700,42.0,0.02
396301,396800,42.2,0.06
396401,396900,45.2,0.55
396501,397000,47.0,0.85
396601,397100,49.2,1.21
396701,397200,49.8,1.31
396801,397300,49.4,1.25
396901,397400,48.0,1.02
397001,397500,46.6,0.78
397101,397600,41.4,-0.08
397201,397700,42.8,0.15
397301,397800,41.6,-0.04
397401,397900,42.8,0.15
397501,398000,41.6,-0.04
397601,398100,42.0,0.02
397701,398200,39.8,-0.34
397801,398300,39.8,-0.34
397901,398400,38.2,-0.61
398001,398500,38.6,-0.54
398101,398600,39.0,-0.47
398201,398700,39.0,-0.47
398301,398800,38.4,-0.57
398401,398900,40.6,-0.21
398501,399000,45.0,0.52
398601,399100,48.2,1.05
398701,399200,48.8,1.15
398801,399300,52.2,1.71
398901,399400,51.6,1.61
399001,399500,50.8,1.48
399101,399600,48.2,1.05
399201,399700,48.0,1.02
399301,399800,45.8,0.65
399401,399900,42.0,0.02
399501,400000,38.6,-0.54
399601,400100,37.0,-0.81
399701,400200,36.0,-0.97
399801,400300,35.2,-1.1
399901,400400,37.0,-0.81
400001,400500,36.2,-0.94
400101,400600,38.4,-0.57
400201,400700,40.4,-0.24
400301,400800,40.4,-0.24
400401,400900,41.0,-0.14
400501,401000,44.0,0.35
400601,401100,39.4,-0.41
400701,401200,38.0,-0.64
400801,401300,38.8,-0.51
400901,401400,36.2,-0.94
401001,401500,35.6,-1.04
401101,401600,41.0,-0.14
401201,401700,42.6,0.12
401301,401800,43.2,0.22
401401,401900,48.6,1.11
401501,402000,50.4,1.41
401601,402100,51.8,1.64
401701,402200,54.8,2.14
401801,402300,59.8,2.97
401901,402400,61.6,3.27
402001,402500,64.4,3.73
402101,402600,66.4,4.06
402201,402700,66.4,4.06
402301,402800,66.6,4.09
402401,402900,65.6,3.93
402501,403000,58.8,2.8
402601,403100,52.4,1.74
402701,403200,47.8,0.98
402801,403300,42.2,0.06
402901,403400,37.6,-0.71
403001,403500,40.8,-0.18
403101,403600,41.6,-0.04
403201,403700,43.0,0.19
403301,403800,44.4,0.42
403401,403900,45.6,0.62
403501,404000,45.8,0.65
403601,404100,49.0,1.18
403701,404200,49.6,1.28
403801,404300,44.4,0.42
403901,404400,41.4,-0.08
404001,404500,38.8,-0.51
404101,404600,34.4,-1.24
404201,404700,31.4,-1.73
404301,404800,34.6,-1.2
404401,404900,36.6,-0.87
404501,405000,35.2,-1.1
404601,405100,35.0,-1.14
404701,405200,36.6,-0.87
404801,405300,38.2,-0.61
404901,405400,38.2,-0.61
405001,405500,42.4,0.09
405101,405600,46.0,0.68
405201,405700,49.4,1.25
405301,405800,49.8,1.31
405401,405900,53.0,1.84
405501,406000,52.6,1.78
405601,406100,52.0,1.68
405701,406200,49.4,1.25
405801,406300,50.4,1.41
405901,406400,48.2,1.05
406001,406500,46.0,0.68
406101,406600,47.6,0.95
406201,406700,46.0,0.68
406301,406800,43.4,0.25
406401,406900,41.2,-0.11
406501,407000,43.8,0.32
406601,407100,42.2,0.06
406701,407200,45.2,0.55
406801,407300,46.4,0.75
406901,407400,50.6,1.45
407001,407500,49.2,1.21
407101,407600,47.4,0.92
407201,407700,44.2,0.39
407301,407800,42.0,0.02
407401,407900,43.0,0.19
407501,408000,43.8,0.32
407601,408100,47.4,0.92
407701,408200,49.4,1.25
407801,408300,52.4,1.74
407901,408400,48.4,1.08
408001,408500,50.4,1.41
408101,408600,47.4,0.92
408201,408700,43.0,0.19
408301,408800,42.8,0.15
408401,408900,44.4,0.42
408501,409000,42.8,0.15
408601,409100,42.2,0.06
408701,409200,46.0,0.68
408801,409300,44.8,0.49
408901,409400,43.0,0.19
409001,409500,39.2,-0.44
409101,409600,39.2,-0.44
409201,409700,40.8,-0.18
409301,409800,41.0,-0.14
409401,409900,43.4,0.25
409501,410000,48.8,1.15
409601,410100,48.0,1.02
409701,410200,45.4,0.58
409801,410300,42.6,0.12
409901,410400,41.2,-0.11
410001,410500,40.6,-0.21
410101,410600,42.6,0.12
410201,410700,45.6,0.62
410301,410800,49.2,1.21
410401,410900,49.2,1.21
410501,411000,47.2,0.88
410601,411100,47.4,0.92
410701,411200,42.8,0.15
410801,411300,41.8,-0.01
410901,411400,40.4,-0.24
411001,411500,36.4,-0.9
411101,411600,32.8,-1.5
411201,411700,32.8,-1.5
411301,411800,31.0,-1.8
411401,411900,33.0,-1.47
411501,412000,35.6,-1.04
411601,412100,41.6,-0.04
411701,412200,44.4,0.42
411801,412300,47.0,0.85
411901,412400,46.8,0.82
412001,412500,47.2,0.88
412101,412600,45.0,0.52
412201,412700,45.0,0.52
412301,412800,43.4,0.25
412401,412900,45.6,0.62
412501,413000,47.2,0.88
412601,413100,46.4,0.75
412701,413200,47.4,0.92
412801,413300,48.0,1.02
412901,413400,47.0,0.85
413001,413500,46.6,0.78
413101,413600,46.2,0.72
413201,413700,46.4,0.75
413301,413800,47.4,0.92
413401,413900,47.6,0.95
413501,414000,46.6,0.78
413601,414100,47.4,0.92
413701,414200,46.8,0.82
413801,414300,51.6,1.61
413901,414400,56.0,2.34
414001,414500,61.6,3.27
414101,414600,66.8,4.13
414201,414700,71.0,4.82
414301,414800,69.0,4.49
414401,414900,62.6,3.43
414501,415000,56.8,2.47
414601,415100,50.8,1.48
414701,415200,49.4,1.25
414801,415300,47.0,0.85
414901,415400,48.2,1.05
415001,415500,49.2,1.21
415101,415600,50.2,1.38
415201,415700,47.6,0.95
415301,415800,48.4,1.08
415401,415900,48.8,1.15
415501,416000,46.6,0.78
415601,416100,44.8,0.49
415701,416200,42.0,0.02
415801,416300,39.0,-0.47
415901,416400,36.0,-0.97
416001,416500,38.2,-0.61
416101,416600,40.0,-0.31
416201,416700,40.8,-0.18
416301,416800,43.6,0.29
416401,416900,47.8,0.98
416501,417000,48.4,1.08
416601,417100,49.6,1.28
416701,417200,51.2,1.54
416801,417300,51.0,1.51
416901,417400,51.6,1.61
417001,417500,51.8,1.64
417101,417600,52.6,1.78
417201,417700,53.6,1.94
417301,417800,53.8,1.97
417401,417900,51.6,1.61
417501,418000,51.6,1.61
417601,418100,49.0,1.18
417701,418200,48.8,1.15
417801,418300,48.6,1.11
417901,418400,51.2,1.54
418001,418500,46.4,0.75
418101,418600,47.2,0.88
418201,418700,45.2,0.55
418301,418800,42.0,0.02
418401,418900,38.4,-0.57
418501,419000,41.2,-0.11
418601,419100,40.2,-0.28
418701,419200,37.0,-0.81
418801,419300,39.8,-0.34
418901,419400,42.6,0.12
419001,419500,43.6,0.29
419101,419600,44.4,0.42
419201,419700,50.8,1.48
419301,419800,50.6,1.45
419401,419900,52.0,1.68
419501,420000,51.0,1.51
419601,420100,50.6,1.45
419701,420200,49.4,1.25
419801,420300,48.6,1.11
419901,420400,45.2,0.55
420001,420500,46.2,0.72
420101,420600,46.6,0.78
420201,420700,44.6,0.45
420301,420800,42.8,0.15
420401,420900,43.4,0.25
420501,421000,43.2,0.22
420601,421100,44.6,0.45
420701,421200,45.0,0.52
420801,421300,47.4,0.92
420901,421400,49.2,1.21
421001,421500,51.0,1.51
421101,421600,51.0,1.51
421201,421700,51.6,1.61
421301,421800,49.4,1.25
421401,421900,45.6,0.62
421501,422000,45.6,0.62
421601,422100,44.2,0.39
421701,422200,43.6,0.29
421801,422300,48.6,1.11
421901,422400,52.6,1.78
422001,422500,50.8,1.48
422101,422600,50.0,1.35
422201,422700,48.0,1.02
422301,422800,43.2,0.22
422401,422900,39.6,-0.38
422501,423000,37.8,-0.67
422601,423100,41.6,-0.04
422701,423200,44.8,0.49
422801,423300,46.6,0.78
422901,423400,46.4,0.75
423001,423500,45.2,0.55
423101,423600,41.6,-0.04
423201,423700,40.8,-0.18
423301,423800,42.0,0.02
423401,423900,41.6,-0.04
423501,424000,45.6,0.62
423601,424100,49.8,1.31
423701,424200,53.4,1.91
423801,424300,52.2,1.71
423901,424400,55.4,2.24
424001,424500,55.6,2.27
424101,424600,49.4,1.25
424201,424700,47.8,0.98
424301,424800,50.2,1.38
424401,424900,49.6,1.28
424501,425000,50.2,1.38
424601,425100,53.4,1.91
424701,425200,51.0,1.51
424801,425300,49.0,1.18
424901,425400,44.4,0.42
425001,425500,40.0,-0.31
425101,425600,39.4,-0.41
425201,425700,41.8,-0.01
425301,425800,40.2,-0.28
425401,425900,42.0,0.02
425501,426000,43.0,0.19
425601,426100,45.4,0.58
425701,426200,46.4,0.75
425801,426300,47.8,0.98
425901,426400,49.6,1.28
426001,426500,53.2,1.88
426101,426600,51.4,1.58
426201,426700,50.4,1.41
426301,426800,49.2,1.21
426401,426900,50.6,1.45
426501,427000,49.6,1.28
426601,427100,45.0,0.52
426701,427200,42.2,0.06
426801,427300,41.0,-0.14
426901,427400,37.0,-0.81
427001,427500,35.4,-1.07
427101,427600,38.2,-0.61
427201,427700,39.6,-0.38
427301,427800,42.6,0.12
427401,427900,46.0,0.68
427501,428000,44.4,0.42
427601,428100,45.4,0.58
427701,428200,42.0,0.02
427801,428300,38.0,-0.64
427901,428400,37.0,-0.81
428001,428500,38.2,-0.61
428101,428600,38.4,-0.57
428201,428700,41.0,-0.14
428301,428800,41.8,-0.01
428401,428900,41.2,-0.11
428501,429000,43.6,0.29
428601,429100,41.0,-0.14
428701,429200,42.2,0.06
428801,429300,46.4,0.75
428901,429400,47.8,0.98
429001,429500,43.6,0.29
429101,429600,45.6,0.62
429201,429700,42.8,0.15
429301,429800,39.6,-0.38
429401,429900,38.2,-0.61
429501,430000,43.2,0.22
429601,430100,41.8,-0.01
429701,430200,44.2,0.39
429801,430300,46.2,0.72
429901,430400,50.6,1.45
430001,430500,48.4,1.08
430101,430600,47.8,0.98
430201,430700,45.2,0.55
430301,430800,43.8,0.32
430401,430900,42.2,0.06
430501,431000,45.0,0.52
430601,431100,46.4,0.75
430701,431200,47.8,0.98
430801,431300,48.8,1.15
430901,431400,46.0,0.68
431001,431500,43.8,0.32
431101,431600,45.8,0.65
431201,431700,46.8,0.82
431301,431800,46.4,0.75
431401,431900,46.4,0.75
431501,432000,43.8,0.32
431601,432100,44.0,0.35
431701,432200,44.2,0.39
431801,432300,46.2,0.72
431901,432400,45.4,0.58
432001,432500,45.6,0.62
432101,432600,44.6,0.45
432201,432700,45.0,0.52
432301,432800,43.4,0.25
432401,432900,45.4,0.58
432501,433000,49.0,1.18
432601,433100,49.0,1.18
432701,433200,50.2,1.38
432801,433300,55.0,2.17
432901,433400,58.2,2.7
433001,433500,62.4,3.4
433101,433600,64.6,3.76
433201,433700,67.0,4.16
433301,433800,65.6,3.93
433401,433900,66.6,4.09
433501,434000,65.0,3.83
433601,434100,67.0,4.16
433701,434200,67.2,4.19
433801,434300,67.4,4.23
433901,434400,65.8,3.96
434001,434500,64.8,3.8
434101,434600,64.4,3.73
434201,434700,64.2,3.7
434301,434800,64.2,3.7
434401,434900,65.2,3.86
434501,435000,62.0,3.33
434601,435100,61.8,3.3
434701,435200,58.4,2.74
434801,435300,54.6,2.11
434901,435400,50.0,1.35
435001,435500,49.6,1.28
435101,435600,46.2,0.72
435201,435700,45.8,0.65
435301,435800,44.2,0.39
435401,435900,47.6,0.95
435501,436000,48.4,1.08
435601,436100,51.0,1.51
435701,436200,51.6,1.61
435801,436300,55.6,2.27
435901,436400,53.4,1.91
436001,436500,52.2,1.71
436101,436600,48.2,1.05
436201,436700,47.8,0.98
436301,436800,46.0,0.68
436401,436900,45.2,0.55
436501,437000,41.6,-0.04
436601,437100,43.2,0.22
436701,437200,42.2,0.06
436801,437300,44.0,0.35
436901,437400,44.2,0.39
437001,437500,47.8,0.98
437101,437600,44.8,0.49
437201,437700,44.2,0.39
437301,437800,40.2,-0.28
437401,437900,43.0,0.19
437501,438000,42.2,0.06
437601,438100,45.8,0.65
437701,438200,48.0,1.02
437801,438300,50.4,1.41
437901,438400,47.0,0.85
438001,438500,51.4,1.58
438101,438600,51.0,1.51
438201,438700,50.2,1.38
438301,438800,50.4,1.41
438401,438900,52.0,1.68
438501,439000,47.4,0.92
438601,439100,47.4,0.92
438701,439200,47.8,0.98
438801,439300,47.6,0.95
438901,439400,47.8,0.98
439001,439500,51.0,1.51
439101,439600,50.4,1.41
439201,439700,48.4,1.08
439301,439800,47.0,0.85
439401,439900,47.4,0.92
439501,440000,48.0,1.02
439601,440100,49.6,1.28
439701,440200,50.8,1.48
439801,440300,53.4,1.91
439901,440400,52.4,1.74
440001,440500,49.6,1.28
440101,440600,48.4,1.08
440201,440700,49.2,1.21
440301,440800,48.8,1.15
440401,440900,51.4,1.58
440501,441000,51.8,1.64
440601,441100,53.2,1.88
440701,441200,53.6,1.94
440801,441300,51.0,1.51
440901,441400,50.0,1.35
441001,441500,50.4,1.41
441101,441600,47.2,0.88
441201,441700,43.8,0.32
441301,441800,42.2,0.06
441401,441900,38.2,-0.61
441501,442000,35.6,-1.04
441601,442100,37.4,-0.74
441701,442200,38.8,-0.51
441801,442300,40.2,-0.28
441901,442400,43.6,0.29
442001,442500,47.8,0.98
442101,442600,49.0,1.18
442201,442700,53.2,1.88
442301,442800,54.6,2.11
442401,442900,51.6,1.61
442501,443000,48.6,1.11
442601,443100,45.8,0.65
442701,443200,41.0,-0.14
442801,443300,38.6,-0.54
442901,443400,36.8,-0.84
443001,443500,34.8,-1.17
443101,443600,35.0,-1.14
443201,443700,37.4,-0.74
443301,443800,42.8,0.15
443401,443900,48.4,1.08
443501,444000,51.4,1.58
443601,444100,54.4,2.07
443701,444200,50.2,1.38
443801,444300,45.8,0.65
443901,444400,42.0,0.02
444001,444500,42.6,0.12
444101,444600,40.0,-0.31
444201,444700,41.4,-0.08
444301,444800,43.8,0.32
444401,444900,45.2,0.55
444501,445000,47.4,0.92
444601,445100,46.4,0.75
444701,445200,47.0,0.85
444801,445300,46.0,0.68
444901,445400,47.2,0.88
445001,445500,47.2,0.88
445101,445600,50.0,1.35
445201,445700,51.0,1.51
445301,445800,51.2,1.54
445401,445900,49.4,1.25
445501,446000,48.4,1.08
445601,446100,47.8,0.98
445701,446200,46.2,0.72
445801,446300,47.6,0.95
445901,446400,48.4,1.08
446001,446500,45.8,0.65
446101,446600,45.4,0.58
446201,446700,47.8,0.98
446301,446800,48.2,1.05
446401,446900,45.2,0.55
446501,447000,45.6,0.62
446601,447100,44.4,0.42
446701,447200,39.6,-0.38
446801,447300,35.6,-1.04
446901,447400,37.6,-0.71
447001,447500,39.2,-0.44
447101,447600,38.0,-0.64
447201,447700,44.0,0.35
447301,447800,46.2,0.72
447401,447900,48.0,1.02
447501,448000,45.6,0.62
447601,448100,47.0,0.85
447701,448200,46.2,0.72
447801,448300,46.0,0.68
447901,448400,46.6,0.78
448001,448500,48.2,1.05
448101,448600,47.8,0.98
448201,448700,47.8,0.98
448301,448800,46.4,0.75
448401,448900,48.2,1.05
448501,449000,44.6,0.45
448601,449100,43.6,0.29
448701,449200,41.4,-0.08
448801,449300,40.4,-0.24
448901,449400,35.2,-1.1
449001,449500,40.8,-0.18
449101,449600,43.0,0.19
449201,449700,42.6,0.12
449301,449800,44.2,0.39
449401,449900,43.0,0.19
449501,450000,40.0,-0.31
449601,450100,39.4,-0.41
449701,450200,40.2,-0.28
449801,450300,36.6,-0.87
449901,450400,38.4,-0.57
450001,450500,37.8,-0.67
450101,450600,35.8,-1.0
450201,450700,35.0,-1.14
450301,450800,40.4,-0.24
450401,450900,44.2,0.39
450501,451000,45.6,0.62
450601,451100,45.4,0.58
450701,451200,43.8,0.32
450801,451300,40.6,-0.21
450901,451400,34.6,-1.2
451001,451500,36.0,-0.97
451101,451600,40.0,-0.31
451201,451700,45.2,0.55
451301,451800,45.4,0.58
451401,451900,47.2,0.88
451501,452000,44.8,0.49
451601,452100,42.0,0.02
451701,452200,36.0,-0.97
451801,452300,35.6,-1.04
451901,452400,37.6,-0.71
452001,452500,39.6,-0.38
452101,452600,38.8,-0.51
452201,452700,40.6,-0.21
452301,452800,40.8,-0.18
452401,452900,41.4,-0.08
452501,453000,40.8,-0.18
452601,453100,44.4,0.42
452701,453200,48.2,1.05
452801,453300,51.4,1.58
452901,453400,52.8,1.81
453001,453500,53.4,1.91
453101,453600,54.6,2.11
453201,453700,48.2,1.05
453301,453800,45.4,0.58
453401,453900,45.6,0.62
453501,454000,45.2,0.55
453601,454100,45.0,0.52
453701,454200,49.0,1.18
453801,454300,52.0,1.68
453901,454400,48.6,1.11
454001,454500,48.6,1.11
454101,454600,45.0,0.52
454201,454700,46.4,0.75
454301,454800,46.8,0.82
454401,454900,50.8,1.48
454501,455000,51.8,1.64
454601,455100,54.0,2.01
454701,455200,54.0,2.01
454801,455300,50.2,1.38
454901,455400,50.6,1.45
455001,455500,52.6,1.78
455101,455600,54.8,2.14
455201,455700,57.4,2.57
455301,455800,55.4,2.24
455401,455900,51.4,1.58
455501,456000,51.6,1.61
455601,456100,48.4,1.08
455701,456200,43.0,0.19
455801,456300,43.8,0.32
455901,456400,41.0,-0.14
456001,456500,35.0,-1.14
456101,456600,35.0,-1.14
456201,456700,34.0,-1.3
456301,456800,35.4,-1.07
456401,456900,36.6,-0.87
456501,457000,34.0,-1.3
456601,457100,30.8,-1.83
456701,457200,30.0,-1.96
456801,457300,28.8,-2.16
456901,457400,28.8,-2.16
457001,457500,33.2,-1.43
457101,457600,34.2,-1.27
457201,457700,35.8,-1.0
457301,457800,37.6,-0.71
457401,457900,36.4,-0.9
457501,458000,35.6,-1.04
457601,458100,42.2,0.06
457701,458200,48.0,1.02
457801,458300,50.0,1.35
457901,458400,57.0,2.5
458001,458500,61.0,3.17
458101,458600,58.8,2.8
458201,458700,55.0,2.17
458301,458800,51.4,1.58
458401,458900,44.2,0.39
458501,459000,41.8,-0.01
458601,459100,37.8,-0.67
458701,459200,38.6,-0.54
458801,459300,43.2,0.22
458901,459400,45.2,0.55
459001,459500,42.0,0.02
459101,459600,41.0,-0.14
459201,459700,41.2,-0.11
459301,459800,39.8,-0.34
459401,459900,40.8,-0.18
459501,460000,39.6,-0.38
459601,460100,43.0,0.19
459701,460200,39.8,-0.34
459801,460300,36.2,-0.94
459901,460400,33.8,-1.33
460001,460500,34.6,-1.2
460101,460600,33.0,-1.47
460201,460700,34.0,-1.3
460301,460800,34.8,-1.17
460401,460900,34.2,-1.27
460501,461000,37.0,-0.81
460601,461100,38.6,-0.54
460701,461200,38.2,-0.61
460801,461300,39.2,-0.44
460901,461400,42.6,0.12
461001,461500,42.6,0.12
461101,461600,41.8,-0.01
461201,461700,44.0,0.35
461301,461800,46.0,0.68
461401,461900,46.4,0.75
461501,462000,44.6,0.45
461601,462100,41.8,-0.01
461701,462200,39.4,-0.41
461801,462300,33.6,-1.37
